p_code;p_caract_3;p_caract_1;grupo_final;nivel_agrupacion;pacientes_p_code;pacientes_p_caract_3;pacientes_p_caract_1
0DB64Z3;0DB;0;0DB64Z3;codigo_completo;169;882;9118
0BB64ZZ;0BB;0;0BB;categoria_3_char;1;91;9118
0QP934Z;0QP;0;0QP;categoria_3_char;1;78;9118
0H0V0JZ;0H0;0;rare_sec_0;seccion_rare;4;5;9118
0J0L0ZZ;0J0;0;0J0;categoria_3_char;3;20;9118
0J0L3ZZ;0J0;0;0J0;categoria_3_char;7;20;9118
0J0M0ZZ;0J0;0;0J0;categoria_3_char;3;20;9118
0J0M3ZZ;0J0;0;0J0;categoria_3_char;8;20;9118
0J0N3ZZ;0J0;0;0J0;categoria_3_char;1;20;9118
0J0P3ZZ;0J0;0;0J0;categoria_3_char;2;20;9118
0J083ZZ;0J0;0;0J0;categoria_3_char;8;20;9118
0W0F0ZZ;0W0;0;0W0F0ZZ;codigo_completo;12;12;9118
00NW0ZZ;00N;0;00N;categoria_3_char;6;89;9118
0D1M0Z4;0D1;0;0D1;categoria_3_char;7;166;9118
0D968ZZ;0D9;0;0D9;categoria_3_char;1;104;9118
0DTG0ZZ;0DT;0;0DT;categoria_3_char;7;221;9118
0RG20Z1;0RG;0;0RG;categoria_3_char;1;108;9118
0RG70Z1;0RG;0;0RG;categoria_3_char;1;108;9118
3E04305;3E0;3;3E04305;codigo_completo;127;1527;2182
3E0G76Z;3E0;3;3E0G76Z;codigo_completo;317;1527;2182
5A1955Z;5A1;5;5A1955Z;codigo_completo;102;441;953
8E0ZXY6;8E0;8;8E0ZXY6;codigo_completo;39;94;94
DB021ZZ;DB0;D;rare_sec_D;seccion_rare;4;5;33
0WUF4JZ;0WU;0;0WUF4JZ;codigo_completo;72;119;9118
0SRD0J9;0SR;0;0SRD0J9;codigo_completo;87;525;9118
F07Z9ZZ;F07;F;F07Z9ZZ;codigo_completo;81;112;113
0VT08ZZ;0VT;0;0VT08ZZ;codigo_completo;38;95;9118
00B70ZZ;00B;0;00B;categoria_3_char;9;30;9118
00C40ZZ;00C;0;rare_sec_0;seccion_rare;2;5;9118
039Y3ZZ;039;0;039Y3ZZ;codigo_completo;170;173;9118
05HY33Z;05H;0;05HY33Z;codigo_completo;128;350;9118
0NQ00ZZ;0NQ;0;rare_sec_0;seccion_rare;1;3;9118
0DQE0ZZ;0DQ;0;0DQ;categoria_3_char;5;49;9118
0HRHX74;0HR;0;0HR;categoria_3_char;3;92;9118
0JBL0ZZ;0JB;0;0JB;categoria_3_char;9;103;9118
0JQL0ZZ;0JQ;0;0JQ;categoria_3_char;2;40;9118
0KBN0ZZ;0KB;0;rare_sec_0;seccion_rare;2;11;9118
0KBQ0ZZ;0KB;0;rare_sec_0;seccion_rare;1;11;9118
0KNN0ZZ;0KN;0;rare_sec_0;seccion_rare;1;1;9118
0KNQ0ZZ;0KN;0;rare_sec_0;seccion_rare;1;1;9118
0T2BX0Z;0T2;0;rare_sec_0;seccion_rare;6;15;9118
0WQFXZ2;0WQ;0;0WQFXZ2;codigo_completo;15;165;9118
2W2NX4Z;2W2;2;rare_sec_2;seccion_rare;3;10;53
01NB0ZZ;01N;0;01NB0ZZ;codigo_completo;81;89;9118
02QF0ZZ;02Q;0;rare_sec_0;seccion_rare;1;6;9118
02RX0JZ;02R;0;02R;categoria_3_char;6;75;9118
0DH63UZ;0DH;0;0DH63UZ;codigo_completo;25;271;9118
0DJ08ZZ;0DJ;0;0DJ08ZZ;codigo_completo;365;529;9118
0W3D0ZZ;0W3;0;0W3;categoria_3_char;4;60;9118
0W9B30Z;0W9;0;0W9B30Z;codigo_completo;43;291;9118
30233N1;302;3;30233N1;codigo_completo;641;739;2182
3E0436Z;3E0;3;3E0436Z;codigo_completo;157;1527;2182
5A1221Z;5A1;5;5A1221Z;codigo_completo;168;441;953
6A4Z0ZZ;6A4;6;rare_sec_6;seccion_rare;3;4;72
0DH60UZ;0DH;0;0DH;categoria_3_char;2;271;9118
0DH67UZ;0DH;0;0DH67UZ;codigo_completo;179;271;9118
30243N1;302;3;30243N1;codigo_completo;68;739;2182
0SRC0JZ;0SR;0;0SRC0JZ;codigo_completo;10;525;9118
0D164ZA;0D1;0;0D164ZA;codigo_completo;109;166;9118
0FT44ZZ;0FT;0;0FT44ZZ;codigo_completo;296;314;9118
05HN33Z;05H;0;05HN33Z;codigo_completo;34;350;9118
0Y670ZZ;0Y6;0;0Y6;categoria_3_char;3;66;9118
0DB60ZZ;0DB;0;0DB;categoria_3_char;4;882;9118
0DB64ZX;0DB;0;0DB64ZX;codigo_completo;10;882;9118
0FT40ZZ;0FT;0;0FT40ZZ;codigo_completo;16;314;9118
0JB80ZZ;0JB;0;0JB80ZZ;codigo_completo;29;103;9118
0JD83ZZ;0JD;0;rare_sec_0;seccion_rare;9;17;9118
0QBN0ZZ;0QB;0;0QBN0ZZ;codigo_completo;37;187;9118
0QBP0ZZ;0QB;0;0QBP0ZZ;codigo_completo;27;187;9118
02100Z9;021;0;02100Z9;codigo_completo;69;120;9118
02120A9;021;0;02120A9;codigo_completo;10;120;9118
03B00ZZ;03B;0;03B00ZZ;codigo_completo;49;68;9118
0PQ00ZZ;0PQ;0;rare_sec_0;seccion_rare;6;7;9118
0TJB8ZZ;0TJ;0;0TJB8ZZ;codigo_completo;17;20;9118
0W9900Z;0W9;0;0W9;categoria_3_char;1;291;9118
0W9B00Z;0W9;0;0W9;categoria_3_char;5;291;9118
0W9C0ZZ;0W9;0;0W9;categoria_3_char;1;291;9118
0W9D00Z;0W9;0;0W9;categoria_3_char;3;291;9118
3E043GC;3E0;3;3E0;categoria_3_char;4;1527;2182
3E043XZ;3E0;3;3E043XZ;codigo_completo;27;1527;2182
3E1K78Z;3E1;3;3E1;categoria_3_char;6;63;2182
4A023N7;4A0;4;4A023N7;codigo_completo;627;723;2157
5A1D00Z;5A1;5;5A1D00Z;codigo_completo;39;441;953
5A1D60Z;5A1;5;5A1D60Z;codigo_completo;51;441;953
B2111ZZ;B21;B;B2111ZZ;codigo_completo;549;644;1410
B24BZZ4;B24;B;B24BZZ4;codigo_completo;238;347;1410
0HPPX7Z;0HP;0;rare_sec_0;seccion_rare;1;7;9118
0HRJX74;0HR;0;0HR;categoria_3_char;7;92;9118
0HRLX74;0HR;0;0HR;categoria_3_char;8;92;9118
0J9P00Z;0J9;0;0J9;categoria_3_char;2;38;9118
0JBP0ZZ;0JB;0;0JB;categoria_3_char;9;103;9118
2W2RX4Z;2W2;2;rare_sec_2;seccion_rare;2;10;53
5A1945Z;5A1;5;5A1945Z;codigo_completo;64;441;953
CB121ZZ;CB1;C;rare_sec_C;seccion_rare;6;6;34
0JB70ZZ;0JB;0;0JB;categoria_3_char;5;103;9118
0JBM0ZZ;0JB;0;0JB;categoria_3_char;7;103;9118
0JD70ZZ;0JD;0;rare_sec_0;seccion_rare;3;17;9118
0JDL0ZZ;0JD;0;rare_sec_0;seccion_rare;1;17;9118
0JDM0ZZ;0JD;0;rare_sec_0;seccion_rare;2;17;9118
0JDN0ZZ;0JD;0;rare_sec_0;seccion_rare;1;17;9118
0JDP0ZZ;0JD;0;rare_sec_0;seccion_rare;1;17;9118
0HN7XZZ;0HN;0;rare_sec_0;seccion_rare;1;3;9118
0JDL3ZZ;0JD;0;rare_sec_0;seccion_rare;4;17;9118
0JDM3ZZ;0JD;0;rare_sec_0;seccion_rare;3;17;9118
0UB04ZZ;0UB;0;0UB;categoria_3_char;7;58;9118
0UN44ZZ;0UN;0;rare_sec_0;seccion_rare;1;4;9118
10D00Z1;10D;1;10D00Z1;codigo_completo;197;329;1060
0WQNXZZ;0WQ;0;0WQNXZZ;codigo_completo;113;165;9118
10907ZC;109;1;10907ZC;codigo_completo;441;443;1060
10E0XZZ;10E;1;10E0XZZ;codigo_completo;722;722;1060
3E033VJ;3E0;3;3E033VJ;codigo_completo;413;1527;2182
3E0S3BZ;3E0;3;3E0S3BZ;codigo_completo;350;1527;2182
4A1HXFZ;4A1;4;4A1HXFZ;codigo_completo;332;1367;2157
0U7C7ZZ;0U7;0;0U7C7ZZ;codigo_completo;11;12;9118
0W8NXZZ;0W8;0;0W8NXZZ;codigo_completo;349;349;9118
02HV33Z;02H;0;02HV33Z;codigo_completo;67;237;9118
07974ZX;079;0;rare_sec_0;seccion_rare;4;17;9118
0B968ZX;0B9;0;0B968ZX;codigo_completo;21;111;9118
0B9B8ZX;0B9;0;0B9B8ZX;codigo_completo;19;111;9118
0BB88ZX;0BB;0;0BB;categoria_3_char;5;91;9118
0JH60XZ;0JH;0;0JH60XZ;codigo_completo;19;219;9118
0T768DZ;0T7;0;0T768DZ;codigo_completo;30;85;9118
0TP98DZ;0TP;0;0TP98DZ;codigo_completo;20;57;9118
0PPM44Z;0PP;0;rare_sec_0;seccion_rare;1;18;9118
0PSM44Z;0PS;0;0PS;categoria_3_char;1;181;9118
0PUM47Z;0PU;0;rare_sec_0;seccion_rare;1;5;9118
00BT0ZZ;00B;0;00B;categoria_3_char;3;30;9118
0PB40ZZ;0PB;0;0PB;categoria_3_char;2;23;9118
0JBR0ZZ;0JB;0;0JB;categoria_3_char;9;103;9118
0Y680ZZ;0Y6;0;0Y6;categoria_3_char;5;66;9118
2W2TX4Z;2W2;2;rare_sec_2;seccion_rare;1;10;53
0HSV0ZZ;0HS;0;rare_sec_0;seccion_rare;3;4;9118
0JD63ZZ;0JD;0;rare_sec_0;seccion_rare;1;17;9118
10D07Z3;10D;1;10D07Z3;codigo_completo;62;329;1060
F07Z9FZ;F07;F;F07Z9FZ;codigo_completo;14;112;113
F08Z2FZ;F08;F;rare_sec_F;seccion_rare;1;2;113
0T9B70Z;0T9;0;0T9B70Z;codigo_completo;183;327;9118
0Y6H0Z3;0Y6;0;0Y6;categoria_3_char;1;66;9118
3E0F7GC;3E0;3;3E0F7GC;codigo_completo;121;1527;2182
3E0G36Z;3E0;3;3E0G36Z;codigo_completo;45;1527;2182
B030YZZ;B03;B;rare_sec_B;seccion_rare;8;17;1410
F020DZZ;F02;F;rare_sec_F;seccion_rare;3;3;113
0HQKXZZ;0HQ;0;0HQ;categoria_3_char;5;102;9118
0PTM0ZZ;0PT;0;rare_sec_0;seccion_rare;3;5;9118
0RGQ04Z;0RG;0;0RG;categoria_3_char;1;108;9118
0J063ZZ;0J0;0;0J0;categoria_3_char;1;20;9118
0WQF0ZZ;0WQ;0;0WQF0ZZ;codigo_completo;24;165;9118
3E0P7GC;3E0;3;3E0P7GC;codigo_completo;14;1527;2182
0VQC0ZZ;0VQ;0;rare_sec_0;seccion_rare;2;10;9118
0KQM0ZZ;0KQ;0;0KQM0ZZ;codigo_completo;35;50;9118
041C0JH;041;0;041;categoria_3_char;7;123;9118
0QPB04Z;0QP;0;0QP;categoria_3_char;5;78;9118
0Y6C0Z2;0Y6;0;0Y6;categoria_3_char;4;66;9118
0QB00ZZ;0QB;0;0QB00ZZ;codigo_completo;62;187;9118
0UC97ZZ;0UC;0;rare_sec_0;seccion_rare;1;1;9118
10D00Z0;10D;1;10D00Z0;codigo_completo;42;329;1060
0W3R7ZZ;0W3;0;0W3;categoria_3_char;3;60;9118
0UJD7ZZ;0UJ;0;rare_sec_0;seccion_rare;9;13;9118
4A0HXFZ;4A0;4;4A0;categoria_3_char;1;723;2157
0HQ9XZZ;0HQ;0;0HQ9XZZ;codigo_completo;22;102;9118
099R0ZZ;099;0;099R0ZZ;codigo_completo;20;87;9118
09QM0ZZ;09Q;0;09QM0ZZ;codigo_completo;41;94;9118
0HPPXJZ;0HP;0;rare_sec_0;seccion_rare;1;7;9118
0HR5X73;0HR;0;0HR;categoria_3_char;1;92;9118
0HR5X74;0HR;0;0HR;categoria_3_char;9;92;9118
0HR7X74;0HR;0;0HR;categoria_3_char;4;92;9118
0HRBX74;0HR;0;0HR;categoria_3_char;8;92;9118
2W23X4Z;2W2;2;rare_sec_2;seccion_rare;3;10;53
2W24X4Z;2W2;2;rare_sec_2;seccion_rare;2;10;53
2W25X4Z;2W2;2;rare_sec_2;seccion_rare;3;10;53
2W2AX4Z;2W2;2;rare_sec_2;seccion_rare;1;10;53
0TB14ZZ;0TB;0;0TB;categoria_3_char;4;153;9118
0XB80ZZ;0XB;0;rare_sec_0;seccion_rare;1;1;9118
0XB90ZZ;0XB;0;rare_sec_0;seccion_rare;1;1;9118
0J0D3ZZ;0J0;0;0J0;categoria_3_char;2;20;9118
0J0F3ZZ;0J0;0;0J0;categoria_3_char;2;20;9118
0KQK0ZZ;0KQ;0;0KQK0ZZ;codigo_completo;10;50;9118
0KQL0ZZ;0KQ;0;0KQL0ZZ;codigo_completo;10;50;9118
04100ZK;041;0;041;categoria_3_char;2;123;9118
07BB4ZX;07B;0;07B;categoria_3_char;4;172;9118
0B110F4;0B1;0;rare_sec_0;seccion_rare;7;11;9118
0DB48ZX;0DB;0;0DB48ZX;codigo_completo;49;882;9118
0DB68ZX;0DB;0;0DB68ZX;codigo_completo;346;882;9118
0DB98ZX;0DB;0;0DB98ZX;codigo_completo;229;882;9118
0DH68UZ;0DH;0;0DH68UZ;codigo_completo;26;271;9118
0DJD8ZZ;0DJ;0;0DJD8ZZ;codigo_completo;196;529;9118
0DTF4ZZ;0DT;0;0DTF4ZZ;codigo_completo;15;221;9118
0W9B3ZZ;0W9;0;0W9B3ZZ;codigo_completo;41;291;9118
5A2204Z;5A2;5;5A2204Z;codigo_completo;148;148;953
047L3Z1;047;0;047;categoria_3_char;3;164;9118
0QBM0ZZ;0QB;0;0QB;categoria_3_char;1;187;9118
0T9B7ZZ;0T9;0;0T9B7ZZ;codigo_completo;24;327;9118
0Y6J0Z2;0Y6;0;0Y6;categoria_3_char;3;66;9118
0Q8N0ZZ;0Q8;0;0Q8N0ZZ;codigo_completo;15;50;9118
0Q8Q0ZZ;0Q8;0;0Q8;categoria_3_char;8;50;9118
0MQN4ZZ;0MQ;0;0MQN4ZZ;codigo_completo;14;34;9118
0SRC0J9;0SR;0;0SRC0J9;codigo_completo;110;525;9118
0Q8P3ZZ;0Q8;0;0Q8;categoria_3_char;3;50;9118
0YU60JZ;0YU;0;0YU60JZ;codigo_completo;19;129;9118
080NXZZ;080;0;rare_sec_0;seccion_rare;1;1;9118
080PXZZ;080;0;rare_sec_0;seccion_rare;1;1;9118
0J073ZZ;0J0;0;0J0;categoria_3_char;7;20;9118
0HN1XZZ;0HN;0;rare_sec_0;seccion_rare;1;3;9118
0HN4XZZ;0HN;0;rare_sec_0;seccion_rare;1;3;9118
0HN5XZZ;0HN;0;rare_sec_0;seccion_rare;1;3;9118
0HNGXZZ;0HN;0;rare_sec_0;seccion_rare;1;3;9118
0JX60ZC;0JX;0;rare_sec_0;seccion_rare;1;9;9118
0JXK0ZC;0JX;0;rare_sec_0;seccion_rare;1;9;9118
0YUA4JZ;0YU;0;0YUA4JZ;codigo_completo;44;129;9118
03180ZF;031;0;031;categoria_3_char;2;21;9118
0HD7XZZ;0HD;0;rare_sec_0;seccion_rare;1;11;9118
0HQ7XZZ;0HQ;0;0HQ;categoria_3_char;6;102;9118
0W9F0ZZ;0W9;0;0W9;categoria_3_char;5;291;9118
07B10ZX;07B;0;07B;categoria_3_char;7;172;9118
0GTK0ZZ;0GT;0;0GTK0ZZ;codigo_completo;89;117;9118
00NY0ZZ;00N;0;00NY0ZZ;codigo_completo;76;89;9118
0TTB8ZZ;0TT;0;0TTB8ZZ;codigo_completo;16;45;9118
0J093ZZ;0J0;0;0J0;categoria_3_char;1;20;9118
0NBR0ZZ;0NB;0;0NB;categoria_3_char;5;22;9118
0NBS0ZZ;0NB;0;0NB;categoria_3_char;4;22;9118
0SG10Z1;0SG;0;0SG;categoria_3_char;2;99;9118
0SP004Z;0SP;0;0SP;categoria_3_char;1;39;9118
0HBT0ZZ;0HB;0;0HBT0ZZ;codigo_completo;32;206;9118
0HRU37Z;0HR;0;0HR;categoria_3_char;1;92;9118
00160J6;001;0;rare_sec_0;seccion_rare;6;8;9118
00W600Z;00W;0;rare_sec_0;seccion_rare;1;2;9118
02H63JZ;02H;0;02H63JZ;codigo_completo;84;237;9118
02HK3JZ;02H;0;02HK3JZ;codigo_completo;105;237;9118
08RK3JZ;08R;0;rare_sec_0;seccion_rare;1;4;9118
0JH606Z;0JH;0;0JH606Z;codigo_completo;95;219;9118
0HRT07Z;0HR;0;0HR;categoria_3_char;1;92;9118
0QBJ0ZZ;0QB;0;0QB;categoria_3_char;2;187;9118
0QHJ04Z;0QH;0;rare_sec_0;seccion_rare;1;13;9118
0SRB02A;0SR;0;0SRB02A;codigo_completo;17;525;9118
BF11YZZ;BF1;B;BF11YZZ;codigo_completo;16;87;1410
0DTJ4ZZ;0DT;0;0DTJ4ZZ;codigo_completo;125;221;9118
0TSD0ZZ;0TS;0;rare_sec_0;seccion_rare;9;11;9118
0VNS0ZZ;0VN;0;rare_sec_0;seccion_rare;5;7;9118
0VTT0ZZ;0VT;0;0VT;categoria_3_char;1;95;9118
07DR3ZZ;07D;0;07DR3ZZ;codigo_completo;29;77;9118
0RB30ZZ;0RB;0;0RB30ZZ;codigo_completo;48;53;9118
0RG20A0;0RG;0;0RG20A0;codigo_completo;24;108;9118
0SB00ZZ;0SB;0;0SB00ZZ;codigo_completo;17;232;9118
0SRB03A;0SR;0;0SRB03A;codigo_completo;56;525;9118
F07L3ZZ;F07;F;F07L3ZZ;codigo_completo;11;112;113
0DBM0ZZ;0DB;0;0DB;categoria_3_char;3;882;9118
0UT10ZZ;0UT;0;0UT;categoria_3_char;3;195;9118
0LX60ZZ;0LX;0;rare_sec_0;seccion_rare;1;12;9118
0PBN0ZZ;0PB;0;0PB;categoria_3_char;4;23;9118
0H89XZZ;0H8;0;rare_sec_0;seccion_rare;1;2;9118
3E03317;3E0;3;3E03317;codigo_completo;11;1527;2182
0UTL0ZZ;0UT;0;0UT;categoria_3_char;2;195;9118
0SG0071;0SG;0;0SG0071;codigo_completo;12;99;9118
8E0WXBG;8E0;8;8E0WXBG;codigo_completo;25;94;94
10D07Z6;10D;1;10D07Z6;codigo_completo;11;329;1060
099Q4ZZ;099;0;099Q4ZZ;codigo_completo;42;87;9118
099R4ZZ;099;0;099R4ZZ;codigo_completo;48;87;9118
099S4ZZ;099;0;099S4ZZ;codigo_completo;18;87;9118
099T4ZZ;099;0;099T4ZZ;codigo_completo;22;87;9118
09BL4ZZ;09B;0;09B;categoria_3_char;3;63;9118
09Q87ZZ;09Q;0;09Q;categoria_3_char;1;94;9118
07T10ZZ;07T;0;07T;categoria_3_char;7;91;9118
07T20ZZ;07T;0;07T;categoria_3_char;7;91;9118
0B113F4;0B1;0;rare_sec_0;seccion_rare;2;11;9118
0B9N30Z;0B9;0;0B9;categoria_3_char;3;111;9118
0CTS0ZZ;0CT;0;0CT;categoria_3_char;5;44;9118
0TBB8ZZ;0TB;0;0TBB8ZZ;codigo_completo;73;153;9118
0VB08ZZ;0VB;0;0VB08ZZ;codigo_completo;62;93;9118
02100A9;021;0;021;categoria_3_char;7;120;9118
02Q70ZZ;02Q;0;rare_sec_0;seccion_rare;1;6;9118
02QG0ZZ;02Q;0;rare_sec_0;seccion_rare;1;6;9118
02UG08Z;02U;0;rare_sec_0;seccion_rare;2;15;9118
03HY33Z;03H;0;03HY33Z;codigo_completo;20;132;9118
0UT2FZZ;0UT;0;0UT2FZZ;codigo_completo;19;195;9118
0UT7FZZ;0UT;0;0UT7FZZ;codigo_completo;41;195;9118
0UT9FZZ;0UT;0;0UT9FZZ;codigo_completo;48;195;9118
0UTC7ZZ;0UT;0;0UTC7ZZ;codigo_completo;51;195;9118
0W3G4ZZ;0W3;0;0W3;categoria_3_char;4;60;9118
0GTH0ZZ;0GT;0;0GTH0ZZ;codigo_completo;14;117;9118
0DBP7ZZ;0DB;0;0DB;categoria_3_char;7;882;9118
0DH64UZ;0DH;0;0DH64UZ;codigo_completo;14;271;9118
0W9G3ZZ;0W9;0;0W9G3ZZ;codigo_completo;58;291;9118
30243R1;302;3;302;categoria_3_char;9;739;2182
0HBUXZZ;0HB;0;0HB;categoria_3_char;2;206;9118
0DJD0ZZ;0DJ;0;0DJ;categoria_3_char;4;529;9118
0DNB0ZZ;0DN;0;0DN;categoria_3_char;1;28;9118
0DQB0ZZ;0DQ;0;0DQB0ZZ;codigo_completo;14;49;9118
0WQFXZZ;0WQ;0;0WQ;categoria_3_char;4;165;9118
0UL77ZZ;0UL;0;rare_sec_0;seccion_rare;1;16;9118
0SGM04Z;0SG;0;0SG;categoria_3_char;5;99;9118
10D07Z7;10D;1;10D;categoria_3_char;2;329;1060
10D17ZZ;10D;1;10D17ZZ;codigo_completo;14;329;1060
3E0U33Z;3E0;3;3E0;categoria_3_char;9;1527;2182
047R3ZZ;047;0;047;categoria_3_char;7;164;9118
047T3ZZ;047;0;047;categoria_3_char;8;164;9118
0Y6Q0Z0;0Y6;0;0Y6;categoria_3_char;5;66;9118
0Y6S0Z0;0Y6;0;0Y6;categoria_3_char;6;66;9118
0Y6U0Z0;0Y6;0;0Y6;categoria_3_char;5;66;9118
0Y6W0Z0;0Y6;0;0Y6;categoria_3_char;1;66;9118
0Y6Y0Z0;0Y6;0;0Y6;categoria_3_char;4;66;9118
0CQWXZ1;0CQ;0;rare_sec_0;seccion_rare;2;5;9118
0CQXXZ1;0CQ;0;rare_sec_0;seccion_rare;2;5;9118
0F9430Z;0F9;0;0F9;categoria_3_char;5;46;9118
DWY17ZZ;DWY;D;rare_sec_D;seccion_rare;1;1;33
0QBQ0ZZ;0QB;0;0QB;categoria_3_char;7;187;9118
0QSN04Z;0QS;0;0QS;categoria_3_char;6;304;9118
07TC4ZZ;07T;0;07TC4ZZ;codigo_completo;10;91;9118
0VT04ZZ;0VT;0;0VT04ZZ;codigo_completo;16;95;9118
0J080ZZ;0J0;0;0J0;categoria_3_char;4;20;9118
0JD73ZZ;0JD;0;rare_sec_0;seccion_rare;4;17;9118
0CDWXZ1;0CD;0;0CDWXZ1;codigo_completo;24;36;9118
0CDXXZ1;0CD;0;0CDXXZ1;codigo_completo;21;36;9118
0NBT0ZZ;0NB;0;0NB;categoria_3_char;5;22;9118
0QSH06Z;0QS;0;0QS;categoria_3_char;2;304;9118
061P09Y;061;0;rare_sec_0;seccion_rare;1;3;9118
0HBMXZZ;0HB;0;0HBMXZZ;codigo_completo;11;206;9118
0Y6C0Z1;0Y6;0;0Y6;categoria_3_char;1;66;9118
2W1SX6Z;2W1;2;rare_sec_2;seccion_rare;4;8;53
03HC33Z;03H;0;03HC33Z;codigo_completo;35;132;9118
05H633Z;05H;0;05H633Z;codigo_completo;39;350;9118
5A09357;5A0;5;5A09357;codigo_completo;322;446;953
05H533Z;05H;0;05H533Z;codigo_completo;69;350;9118
5A09557;5A0;5;5A09557;codigo_completo;39;446;953
00B00ZX;00B;0;00B;categoria_3_char;2;30;9118
0WH103Z;0WH;0;rare_sec_0;seccion_rare;1;5;9118
0WP1X0Z;0WP;0;0WP;categoria_3_char;1;22;9118
3E013VG;3E0;3;3E0;categoria_3_char;5;1527;2182
8E09XBG;8E0;8;8E0;categoria_3_char;3;94;94
HZ52ZZZ;HZ5;H;rare_sec_H;seccion_rare;1;1;42
02RF08Z;02R;0;02RF08Z;codigo_completo;44;75;9118
0HQ1XZZ;0HQ;0;0HQ1XZZ;codigo_completo;35;102;9118
0WPB30Z;0WP;0;0WP;categoria_3_char;2;22;9118
0SR903A;0SR;0;0SR903A;codigo_completo;64;525;9118
6A801ZZ;6A8;6;6A801ZZ;codigo_completo;11;29;72
041K0JL;041;0;041;categoria_3_char;6;123;9118
0D5Q7ZZ;0D5;0;0D5;categoria_3_char;2;36;9118
0D8R0ZZ;0D8;0;rare_sec_0;seccion_rare;6;11;9118
0JXB0ZZ;0JX;0;rare_sec_0;seccion_rare;1;9;9118
0GBH0ZZ;0GB;0;0GB;categoria_3_char;5;20;9118
095L7ZZ;095;0;095L7ZZ;codigo_completo;29;40;9118
09SM4ZZ;09S;0;09SM4ZZ;codigo_completo;15;31;9118
0N8R0ZZ;0N8;0;rare_sec_0;seccion_rare;2;4;9118
0N8S0ZZ;0N8;0;rare_sec_0;seccion_rare;2;4;9118
0NHR04Z;0NH;0;rare_sec_0;seccion_rare;1;2;9118
0NHS04Z;0NH;0;rare_sec_0;seccion_rare;1;2;9118
04100JK;041;0;04100JK;codigo_completo;21;123;9118
041L09J;041;0;041;categoria_3_char;1;123;9118
04CK0ZZ;04C;0;04C;categoria_3_char;7;26;9118
06BQ0ZZ;06B;0;06BQ0ZZ;codigo_completo;31;93;9118
0J9M00Z;0J9;0;0J9;categoria_3_char;2;38;9118
3E05017;3E0;3;3E0;categoria_3_char;1;1527;2182
5A1935Z;5A1;5;5A1935Z;codigo_completo;73;441;953
0TSD4ZZ;0TS;0;rare_sec_0;seccion_rare;1;11;9118
0UUG4JZ;0UU;0;rare_sec_0;seccion_rare;4;6;9118
0DTN4ZZ;0DT;0;0DTN4ZZ;codigo_completo;23;221;9118
0RSJ04Z;0RS;0;rare_sec_0;seccion_rare;1;15;9118
F07M3ZZ;F07;F;F07;categoria_3_char;3;112;113
0D1L0Z4;0D1;0;0D1;categoria_3_char;6;166;9118
0DBL0ZZ;0DB;0;0DB;categoria_3_char;5;882;9118
0DTM0ZZ;0DT;0;0DT;categoria_3_char;2;221;9118
30233R1;302;3;30233R1;codigo_completo;72;739;2182
0QP634Z;0QP;0;0QP;categoria_3_char;3;78;9118
0KMN0ZZ;0KM;0;rare_sec_0;seccion_rare;1;3;9118
0KQN0ZZ;0KQ;0;0KQ;categoria_3_char;1;50;9118
009U3ZX;009;0;009U3ZX;codigo_completo;39;99;9118
03CK0ZZ;03C;0;03CK0ZZ;codigo_completo;22;48;9118
06190ZY;061;0;rare_sec_0;seccion_rare;1;3;9118
06B90ZZ;06B;0;06B;categoria_3_char;1;93;9118
06C00ZZ;06C;0;rare_sec_0;seccion_rare;1;1;9118
0DP67UZ;0DP;0;0DP;categoria_3_char;4;31;9118
0TB00ZZ;0TB;0;0TB;categoria_3_char;6;153;9118
0TT60ZZ;0TT;0;0TT;categoria_3_char;5;45;9118
3E0336Z;3E0;3;3E0336Z;codigo_completo;37;1527;2182
0SRB0J9;0SR;0;0SR;categoria_3_char;6;525;9118
05HM33Z;05H;0;05HM33Z;codigo_completo;94;350;9118
07DQ3ZX;07D;0;07D;categoria_3_char;6;77;9118
0B578ZZ;0B5;0;rare_sec_0;seccion_rare;1;4;9118
0BB78ZX;0BB;0;0BB;categoria_3_char;7;91;9118
0SWC0JZ;0SW;0;rare_sec_0;seccion_rare;2;9;9118
0CTPXZZ;0CT;0;0CTPXZZ;codigo_completo;14;44;9118
0W3F0ZZ;0W3;0;0W3;categoria_3_char;1;60;9118
047Q3ZZ;047;0;047;categoria_3_char;8;164;9118
047S3ZZ;047;0;047;categoria_3_char;4;164;9118
0QBP3ZX;0QB;0;0QB;categoria_3_char;1;187;9118
B41G0ZZ;B41;B;B41;categoria_3_char;2;39;1410
F07L3UZ;F07;F;F07;categoria_3_char;1;112;113
0T9780Z;0T9;0;0T9780Z;codigo_completo;32;327;9118
0TC78ZZ;0TC;0;0TC78ZZ;codigo_completo;16;35;9118
0TUD0JZ;0TU;0;0TUD0JZ;codigo_completo;14;25;9118
0SRD0JZ;0SR;0;0SRD0JZ;codigo_completo;11;525;9118
0J980ZZ;0J9;0;0J9;categoria_3_char;2;38;9118
0SRS019;0SR;0;0SRS019;codigo_completo;13;525;9118
02583ZZ;025;0;02583ZZ;codigo_completo;68;83;9118
04HK33Z;04H;0;04HK33Z;codigo_completo;22;27;9118
04HL33Z;04H;0;04H;categoria_3_char;5;27;9118
3E063KZ;3E0;3;3E063KZ;codigo_completo;34;1527;2182
4A023FZ;4A0;4;4A023FZ;codigo_completo;72;723;2157
B246ZZ4;B24;B;B246ZZ4;codigo_completo;29;347;1410
0JQC0ZZ;0JQ;0;0JQC0ZZ;codigo_completo;22;40;9118
0MQR0ZZ;0MQ;0;0MQ;categoria_3_char;3;34;9118
0UT24ZZ;0UT;0;0UT24ZZ;codigo_completo;41;195;9118
0UT74ZZ;0UT;0;0UT74ZZ;codigo_completo;80;195;9118
0UT94ZZ;0UT;0;0UT94ZZ;codigo_completo;68;195;9118
0UTC4ZZ;0UT;0;0UTC4ZZ;codigo_completo;71;195;9118
0U5B8ZZ;0U5;0;rare_sec_0;seccion_rare;2;7;9118
06BY0ZC;06B;0;06BY0ZC;codigo_completo;30;93;9118
099Q0ZZ;099;0;099Q0ZZ;codigo_completo;15;87;9118
09SM0ZZ;09S;0;09SM0ZZ;codigo_completo;16;31;9118
0TB14ZX;0TB;0;0TB;categoria_3_char;2;153;9118
0RP104Z;0RP;0;rare_sec_0;seccion_rare;2;11;9118
0RT30ZZ;0RT;0;0RT30ZZ;codigo_completo;14;14;9118
04V03D6;04V;0;04V;categoria_3_char;8;30;9118
04VD3DZ;04V;0;04V;categoria_3_char;1;30;9118
0QS904Z;0QS;0;0QS;categoria_3_char;4;304;9118
03CL0ZZ;03C;0;03CL0ZZ;codigo_completo;19;48;9118
0VBF0ZZ;0VB;0;0VB;categoria_3_char;3;93;9118
0VBG0ZZ;0VB;0;0VB;categoria_3_char;3;93;9118
0LSL4ZZ;0LS;0;rare_sec_0;seccion_rare;1;2;9118
0SQC4ZZ;0SQ;0;0SQC4ZZ;codigo_completo;11;22;9118
0TQ34ZZ;0TQ;0;rare_sec_0;seccion_rare;1;11;9118
047C3DZ;047;0;047C3DZ;codigo_completo;14;164;9118
047D3D6;047;0;047;categoria_3_char;7;164;9118
0SGM0ZZ;0SG;0;0SG;categoria_3_char;2;99;9118
0JBD0ZZ;0JB;0;0JB;categoria_3_char;4;103;9118
0JBF0ZZ;0JB;0;0JB;categoria_3_char;4;103;9118
0JUC0JZ;0JU;0;rare_sec_0;seccion_rare;5;5;9118
0UQG4ZZ;0UQ;0;rare_sec_0;seccion_rare;1;17;9118
0QS706Z;0QS;0;0QS706Z;codigo_completo;17;304;9118
02110A9;021;0;02110A9;codigo_completo;18;120;9118
02RF38Z;02R;0;02RF38Z;codigo_completo;12;75;9118
B245ZZ4;B24;B;B245ZZ4;codigo_completo;58;347;1410
0HRT0JZ;0HR;0;0HR;categoria_3_char;4;92;9118
0HUU37Z;0HU;0;rare_sec_0;seccion_rare;2;3;9118
0HWU0JZ;0HW;0;rare_sec_0;seccion_rare;1;2;9118
0JD93ZZ;0JD;0;rare_sec_0;seccion_rare;1;17;9118
0PB30ZZ;0PB;0;0PB;categoria_3_char;4;23;9118
0RG10A0;0RG;0;0RG10A0;codigo_completo;59;108;9118
09Q30ZZ;09Q;0;09Q;categoria_3_char;1;94;9118
0SW00AZ;0SW;0;rare_sec_0;seccion_rare;1;9;9118
041L0JL;041;0;041;categoria_3_char;8;123;9118
0DBN8ZX;0DB;0;0DBN8ZX;codigo_completo;69;882;9118
0YU80JZ;0YU;0;0YU;categoria_3_char;1;129;9118
0RSJ0ZZ;0RS;0;rare_sec_0;seccion_rare;1;15;9118
0SG3071;0SG;0;0SG;categoria_3_char;9;99;9118
0YU50JZ;0YU;0;0YU50JZ;codigo_completo;24;129;9118
01N50ZZ;01N;0;01N;categoria_3_char;3;89;9118
0PPH04Z;0PP;0;rare_sec_0;seccion_rare;3;18;9118
0PPJ04Z;0PP;0;rare_sec_0;seccion_rare;3;18;9118
0DV44ZZ;0DV;0;0DV44ZZ;codigo_completo;30;39;9118
0YUA0JZ;0YU;0;0YUA0JZ;codigo_completo;11;129;9118
0RRK00Z;0RR;0;0RR;categoria_3_char;9;45;9118
0LQ24ZZ;0LQ;0;0LQ;categoria_3_char;6;45;9118
CG211ZZ;CG2;C;rare_sec_C;seccion_rare;1;1;34
0DW64CZ;0DW;0;rare_sec_0;seccion_rare;7;13;9118
0S9C0ZZ;0S9;0;rare_sec_0;seccion_rare;2;18;9118
0SHC08Z;0SH;0;rare_sec_0;seccion_rare;2;9;9118
0SPC08Z;0SP;0;0SP;categoria_3_char;3;39;9118
0SPC0JZ;0SP;0;0SP;categoria_3_char;6;39;9118
041L0JJ;041;0;041;categoria_3_char;8;123;9118
0UB98ZX;0UB;0;0UB;categoria_3_char;2;58;9118
0UPD8HZ;0UP;0;rare_sec_0;seccion_rare;1;12;9118
0SRB04A;0SR;0;0SR;categoria_3_char;8;525;9118
0TBB8ZX;0TB;0;0TBB8ZX;codigo_completo;33;153;9118
0BQR4ZZ;0BQ;0;rare_sec_0;seccion_rare;4;4;9118
0BQS4ZZ;0BQ;0;rare_sec_0;seccion_rare;4;4;9118
09U707Z;09U;0;rare_sec_0;seccion_rare;7;18;9118
0JB00ZZ;0JB;0;0JB00ZZ;codigo_completo;10;103;9118
0QPH34Z;0QP;0;0QP;categoria_3_char;6;78;9118
0SB40ZZ;0SB;0;0SB40ZZ;codigo_completo;61;232;9118
0LBR0ZZ;0LB;0;0LBR0ZZ;codigo_completo;29;83;9118
0MUP47Z;0MU;0;0MUP47Z;codigo_completo;39;86;9118
0SBD4ZZ;0SB;0;0SBD4ZZ;codigo_completo;17;232;9118
0SRR0J9;0SR;0;0SR;categoria_3_char;6;525;9118
4A1ZXQZ;4A1;4;4A1ZXQZ;codigo_completo;1027;1367;2157
HZ99ZZZ;HZ9;H;rare_sec_H;seccion_rare;7;16;42
0SPR0JZ;0SP;0;0SP;categoria_3_char;2;39;9118
0SR904A;0SR;0;0SR904A;codigo_completo;19;525;9118
0SRR0JZ;0SR;0;0SR;categoria_3_char;1;525;9118
0T180ZB;0T1;0;rare_sec_0;seccion_rare;1;13;9118
0SBC4ZZ;0SB;0;0SBC4ZZ;codigo_completo;14;232;9118
BF101ZZ;BF1;B;BF101ZZ;codigo_completo;29;87;1410
30243K1;302;3;302;categoria_3_char;5;739;2182
0B958ZX;0B9;0;0B958ZX;codigo_completo;11;111;9118
0LNT0ZZ;0LN;0;rare_sec_0;seccion_rare;1;5;9118
09BU4ZZ;09B;0;09BU4ZZ;codigo_completo;24;63;9118
09BV4ZZ;09B;0;09BV4ZZ;codigo_completo;30;63;9118
0SG00Z1;0SG;0;0SG;categoria_3_char;7;99;9118
3E0S33Z;3E0;3;3E0S33Z;codigo_completo;23;1527;2182
0QHG04Z;0QH;0;rare_sec_0;seccion_rare;1;13;9118
0QRG0KZ;0QR;0;rare_sec_0;seccion_rare;1;3;9118
0BH17EZ;0BH;0;0BH17EZ;codigo_completo;43;46;9118
0VB07ZX;0VB;0;0VB;categoria_3_char;2;93;9118
027034Z;027;0;027034Z;codigo_completo;197;299;9118
02H63KZ;02H;0;02H63KZ;codigo_completo;30;237;9118
02HK3KZ;02H;0;02HK3KZ;codigo_completo;33;237;9118
0JH608Z;0JH;0;0JH608Z;codigo_completo;32;219;9118
0JPT0PZ;0JP;0;0JPT0PZ;codigo_completo;22;48;9118
0SRD0LZ;0SR;0;0SR;categoria_3_char;2;525;9118
0SB20ZZ;0SB;0;0SB20ZZ;codigo_completo;110;232;9118
02130A9;021;0;021;categoria_3_char;2;120;9118
3C1ZX8Z;3C1;3;3C1ZX8Z;codigo_completo;67;67;2182
0D9E40Z;0D9;0;0D9;categoria_3_char;1;104;9118
0DNW4ZZ;0DN;0;0DN;categoria_3_char;9;28;9118
0DQE4ZZ;0DQ;0;0DQ;categoria_3_char;1;49;9118
0FJB8ZZ;0FJ;0;0FJB8ZZ;codigo_completo;16;20;9118
0FJD8ZZ;0FJ;0;0FJ;categoria_3_char;7;20;9118
0DB58ZX;0DB;0;0DB58ZX;codigo_completo;73;882;9118
0DBA8ZX;0DB;0;0DB;categoria_3_char;6;882;9118
00973ZZ;009;0;009;categoria_3_char;1;99;9118
0LBQ0ZZ;0LB;0;0LBQ0ZZ;codigo_completo;18;83;9118
0MUN47Z;0MU;0;0MUN47Z;codigo_completo;29;86;9118
0YU54JZ;0YU;0;0YU54JZ;codigo_completo;12;129;9118
BF030ZZ;BF0;B;BF030ZZ;codigo_completo;94;139;1410
09U807Z;09U;0;rare_sec_0;seccion_rare;8;18;9118
0VT34ZZ;0VT;0;0VT34ZZ;codigo_completo;11;95;9118
0HBV0ZZ;0HB;0;0HBV0ZZ;codigo_completo;13;206;9118
0HRAX73;0HR;0;0HR;categoria_3_char;1;92;9118
0HRCX73;0HR;0;0HR;categoria_3_char;1;92;9118
0SR902A;0SR;0;0SR902A;codigo_completo;23;525;9118
0MBN0ZZ;0MB;0;0MB;categoria_3_char;2;33;9118
02120A8;021;0;021;categoria_3_char;3;120;9118
0D20XUZ;0D2;0;rare_sec_0;seccion_rare;3;6;9118
0PH004Z;0PH;0;rare_sec_0;seccion_rare;1;6;9118
0T9B80Z;0T9;0;0T9B80Z;codigo_completo;19;327;9118
3E03329;3E0;3;3E03329;codigo_completo;95;1527;2182
3E053KZ;3E0;3;3E0;categoria_3_char;3;1527;2182
5A12012;5A1;5;5A12012;codigo_completo;26;441;953
B211YZZ;B21;B;B211YZZ;codigo_completo;84;644;1410
0SG00A1;0SG;0;0SG;categoria_3_char;6;99;9118
0SG00AJ;0SG;0;0SG;categoria_3_char;8;99;9118
0ST20ZZ;0ST;0;rare_sec_0;seccion_rare;6;11;9118
05HP33Z;05H;0;05H;categoria_3_char;1;350;9118
0BJQ8ZZ;0BJ;0;0BJ;categoria_3_char;1;54;9118
0D160ZA;0D1;0;0D1;categoria_3_char;5;166;9118
0DHA7UZ;0DH;0;0DH;categoria_3_char;3;271;9118
0DHA8UZ;0DH;0;0DHA8UZ;codigo_completo;14;271;9118
0DP64CZ;0DP;0;0DP64CZ;codigo_completo;17;31;9118
0WJG4ZZ;0WJ;0;0WJG4ZZ;codigo_completo;12;34;9118
3E0H76Z;3E0;3;3E0H76Z;codigo_completo;12;1527;2182
0UQMXZZ;0UQ;0;rare_sec_0;seccion_rare;2;17;9118
0BUR0JZ;0BU;0;rare_sec_0;seccion_rare;2;3;9118
0BUS0JZ;0BU;0;rare_sec_0;seccion_rare;1;3;9118
0SRS0J9;0SR;0;0SR;categoria_3_char;2;525;9118
B32S1ZZ;B32;B;rare_sec_B;seccion_rare;2;5;1410
BW201ZZ;BW2;B;BW201ZZ;codigo_completo;35;63;1410
0B938ZX;0B9;0;0B9;categoria_3_char;2;111;9118
0B978ZX;0B9;0;0B9;categoria_3_char;4;111;9118
0JH60WZ;0JH;0;0JH60WZ;codigo_completo;31;219;9118
047P3ZZ;047;0;047;categoria_3_char;7;164;9118
0HBHXZZ;0HB;0;0HBHXZZ;codigo_completo;12;206;9118
0HRMX74;0HR;0;0HRMX74;codigo_completo;10;92;9118
0Y6M0Z9;0Y6;0;0Y6;categoria_3_char;3;66;9118
0Y6M0ZB;0Y6;0;0Y6;categoria_3_char;3;66;9118
0Y6M0ZC;0Y6;0;0Y6;categoria_3_char;1;66;9118
0Y6M0ZD;0Y6;0;0Y6;categoria_3_char;2;66;9118
0Y6M0ZF;0Y6;0;0Y6;categoria_3_char;4;66;9118
009U3ZZ;009;0;009U3ZZ;codigo_completo;21;99;9118
0B113Z4;0B1;0;rare_sec_0;seccion_rare;2;11;9118
0BJ08ZZ;0BJ;0;0BJ08ZZ;codigo_completo;51;54;9118
0DLQ8DZ;0DL;0;rare_sec_0;seccion_rare;1;8;9118
30233L1;302;3;302;categoria_3_char;8;739;2182
30233S1;302;3;302;categoria_3_char;7;739;2182
B340ZZZ;B34;B;B340ZZZ;codigo_completo;67;67;1410
0W993ZZ;0W9;0;0W993ZZ;codigo_completo;51;291;9118
0CB90ZZ;0CB;0;0CB;categoria_3_char;1;39;9118
0PBM0ZZ;0PB;0;0PB;categoria_3_char;3;23;9118
0CSB0ZZ;0CS;0;rare_sec_0;seccion_rare;1;1;9118
0CSC0ZZ;0CS;0;rare_sec_0;seccion_rare;1;1;9118
0UVC7ZZ;0UV;0;rare_sec_0;seccion_rare;4;4;9118
02110Z9;021;0;02110Z9;codigo_completo;38;120;9118
0BBL0ZZ;0BB;0;0BB;categoria_3_char;1;91;9118
0LBR4ZZ;0LB;0;0LB;categoria_3_char;7;83;9118
0LQR4ZZ;0LQ;0;0LQ;categoria_3_char;2;45;9118
0LXR4ZZ;0LX;0;rare_sec_0;seccion_rare;3;12;9118
0MQP4ZZ;0MQ;0;0MQ;categoria_3_char;5;34;9118
07TB0ZZ;07T;0;07T;categoria_3_char;3;91;9118
0D1A0Z4;0D1;0;0D1;categoria_3_char;2;166;9118
0D9670Z;0D9;0;0D9670Z;codigo_completo;70;104;9118
0DB90ZZ;0DB;0;0DB;categoria_3_char;3;882;9118
0F910ZX;0F9;0;0F9;categoria_3_char;1;46;9118
0FBG0ZZ;0FB;0;0FB;categoria_3_char;5;89;9118
021009W;021;0;021009W;codigo_completo;19;120;9118
06BP0ZZ;06B;0;06BP0ZZ;codigo_completo;23;93;9118
5A09457;5A0;5;5A09457;codigo_completo;65;446;953
0T778DZ;0T7;0;0T778DZ;codigo_completo;37;85;9118
4B02XSZ;4B0;4;4B02XSZ;codigo_completo;54;79;2157
041K0JH;041;0;041;categoria_3_char;7;123;9118
047K3DZ;047;0;047K3DZ;codigo_completo;14;164;9118
B42FYZZ;B42;B;rare_sec_B;seccion_rare;1;8;1410
30233J1;302;3;302;categoria_3_char;4;739;2182
009400Z;009;0;009;categoria_3_char;6;99;9118
0DC58ZZ;0DC;0;0DC;categoria_3_char;3;20;9118
0S9C4ZX;0S9;0;rare_sec_0;seccion_rare;2;18;9118
0S9C4ZZ;0S9;0;rare_sec_0;seccion_rare;1;18;9118
0SCC4ZZ;0SC;0;rare_sec_0;seccion_rare;1;1;9118
0W3P8ZZ;0W3;0;0W3P8ZZ;codigo_completo;34;60;9118
3E0G8GC;3E0;3;3E0;categoria_3_char;3;1527;2182
0VT00ZZ;0VT;0;0VT00ZZ;codigo_completo;27;95;9118
047H3ZZ;047;0;047;categoria_3_char;3;164;9118
02RG0JZ;02R;0;02R;categoria_3_char;1;75;9118
0RQK0ZZ;0RQ;0;rare_sec_0;seccion_rare;1;9;9118
0U570ZZ;0U5;0;rare_sec_0;seccion_rare;1;7;9118
10903ZU;109;1;109;categoria_3_char;2;443;1060
0Q860ZZ;0Q8;0;0Q8;categoria_3_char;1;50;9118
0QH604Z;0QH;0;rare_sec_0;seccion_rare;2;13;9118
09Q70ZZ;09Q;0;09Q;categoria_3_char;2;94;9118
09Q80ZZ;09Q;0;09Q;categoria_3_char;5;94;9118
09BL0ZZ;09B;0;09B;categoria_3_char;3;63;9118
0CBPXZZ;0CB;0;0CB;categoria_3_char;1;39;9118
0UL74CZ;0UL;0;0UL74CZ;codigo_completo;10;16;9118
0W9930Z;0W9;0;0W9930Z;codigo_completo;32;291;9118
0SG00K1;0SG;0;0SG;categoria_3_char;1;99;9118
0SG30K1;0SG;0;0SG;categoria_3_char;1;99;9118
B2151ZZ;B21;B;B2151ZZ;codigo_completo;111;644;1410
027135Z;027;0;027135Z;codigo_completo;28;299;9118
02110AW;021;0;021;categoria_3_char;7;120;9118
0TUD0KZ;0TU;0;0TU;categoria_3_char;1;25;9118
0VTTXZZ;0VT;0;0VTTXZZ;codigo_completo;13;95;9118
09B90ZZ;09B;0;09B;categoria_3_char;1;63;9118
0QPH04Z;0QP;0;0QPH04Z;codigo_completo;11;78;9118
0QPJ04Z;0QP;0;0QP;categoria_3_char;6;78;9118
0QPK04Z;0QP;0;0QP;categoria_3_char;6;78;9118
0QBR0ZZ;0QB;0;0QB;categoria_3_char;9;187;9118
04793DZ;047;0;04793DZ;codigo_completo;10;164;9118
05H933Z;05H;0;05H;categoria_3_char;6;350;9118
0B9L8ZZ;0B9;0;0B9;categoria_3_char;2;111;9118
0WUF0JZ;0WU;0;0WUF0JZ;codigo_completo;34;119;9118
0DBQXZZ;0DB;0;0DB;categoria_3_char;3;882;9118
0HB9XZZ;0HB;0;0HB;categoria_3_char;3;206;9118
041H0JH;041;0;041;categoria_3_char;6;123;9118
03CJ0ZZ;03C;0;03C;categoria_3_char;4;48;9118
07TC0ZZ;07T;0;07TC0ZZ;codigo_completo;20;91;9118
0VT30ZZ;0VT;0;0VT30ZZ;codigo_completo;21;95;9118
0TUD7JZ;0TU;0;0TU;categoria_3_char;7;25;9118
07B70ZZ;07B;0;07B;categoria_3_char;1;172;9118
0D120J6;0D1;0;0D1;categoria_3_char;1;166;9118
0DT30ZZ;0DT;0;0DT;categoria_3_char;1;221;9118
0W9800Z;0W9;0;0W9;categoria_3_char;1;291;9118
0W9F00Z;0W9;0;0W9;categoria_3_char;1;291;9118
0Q8G0ZZ;0Q8;0;0Q8;categoria_3_char;3;50;9118
0RWN07Z;0RW;0;rare_sec_0;seccion_rare;1;5;9118
0YU64JZ;0YU;0;0YU64JZ;codigo_completo;15;129;9118
0QS734Z;0QS;0;0QS734Z;codigo_completo;10;304;9118
09BR4ZZ;09B;0;09B;categoria_3_char;5;63;9118
09Q77ZZ;09Q;0;09Q;categoria_3_char;2;94;9118
09R807Z;09R;0;rare_sec_0;seccion_rare;1;1;9118
0UDB8ZZ;0UD;0;rare_sec_0;seccion_rare;3;6;9118
0UP88CZ;0UP;0;rare_sec_0;seccion_rare;1;12;9118
0D9M00Z;0D9;0;0D9;categoria_3_char;1;104;9118
0DBQ7ZZ;0DB;0;0DB;categoria_3_char;2;882;9118
0T9B00Z;0T9;0;0T9;categoria_3_char;2;327;9118
0MBP0ZZ;0MB;0;0MB;categoria_3_char;4;33;9118
09QK0ZZ;09Q;0;09Q;categoria_3_char;4;94;9118
09QL7ZZ;09Q;0;09Q;categoria_3_char;3;94;9118
02HL3KZ;02H;0;02H;categoria_3_char;9;237;9118
0UB24ZZ;0UB;0;0UB;categoria_3_char;5;58;9118
0UT64ZZ;0UT;0;0UT64ZZ;codigo_completo;10;195;9118
BU12YZZ;BU1;B;rare_sec_B;seccion_rare;1;1;1410
0DBB8ZX;0DB;0;0DBB8ZX;codigo_completo;53;882;9118
0DBH8ZX;0DB;0;0DBH8ZX;codigo_completo;20;882;9118
0DBK8ZX;0DB;0;0DBK8ZX;codigo_completo;25;882;9118
0DBL8ZX;0DB;0;0DBL8ZX;codigo_completo;23;882;9118
0DBP8ZX;0DB;0;0DBP8ZX;codigo_completo;29;882;9118
09QL4ZZ;09Q;0;09Q;categoria_3_char;2;94;9118
09QM4ZZ;09Q;0;09QM4ZZ;codigo_completo;26;94;9118
0UBC7ZX;0UB;0;0UB;categoria_3_char;2;58;9118
0SGM0JZ;0SG;0;0SG;categoria_3_char;1;99;9118
0RQH0ZZ;0RQ;0;rare_sec_0;seccion_rare;1;9;9118
09B70ZZ;09B;0;09B;categoria_3_char;2;63;9118
0RRJ00Z;0RR;0;0RRJ00Z;codigo_completo;15;45;9118
0JB40ZZ;0JB;0;0JB;categoria_3_char;3;103;9118
07DR3ZX;07D;0;07DR3ZX;codigo_completo;27;77;9118
0HBT3ZX;0HB;0;0HB;categoria_3_char;3;206;9118
0QS936Z;0QS;0;0QS;categoria_3_char;3;304;9118
DP081ZZ;DP0;D;rare_sec_D;seccion_rare;3;10;33
DP0C1ZZ;DP0;D;rare_sec_D;seccion_rare;1;10;33
0DBB0ZZ;0DB;0;0DB;categoria_3_char;7;882;9118
047K35Z;047;0;047;categoria_3_char;1;164;9118
B41F1ZZ;B41;B;B41F1ZZ;codigo_completo;11;39;1410
0DQL0ZZ;0DQ;0;0DQ;categoria_3_char;5;49;9118
CP1Z1ZZ;CP1;C;CP1Z1ZZ;codigo_completo;14;15;34
047K34Z;047;0;047;categoria_3_char;3;164;9118
00NX0ZZ;00N;0;00N;categoria_3_char;5;89;9118
02HV03Z;02H;0;02HV03Z;codigo_completo;18;237;9118
0BBJ8ZX;0BB;0;0BB;categoria_3_char;6;91;9118
3E1H78Z;3E1;3;3E1H78Z;codigo_completo;23;63;2182
D0062ZZ;D00;D;rare_sec_D;seccion_rare;1;4;33
0D1N074;0D1;0;0D1;categoria_3_char;2;166;9118
0DB80ZZ;0DB;0;0DB80ZZ;codigo_completo;10;882;9118
0QS636Z;0QS;0;0QS636Z;codigo_completo;25;304;9118
6A601ZZ;6A6;6;6A601ZZ;codigo_completo;15;32;72
02LR0CT;02L;0;rare_sec_0;seccion_rare;1;4;9118
5A09458;5A0;5;5A0;categoria_3_char;7;446;953
5A09558;5A0;5;5A0;categoria_3_char;4;446;953
B030ZZZ;B03;B;rare_sec_B;seccion_rare;8;17;1410
0QS736Z;0QS;0;0QS736Z;codigo_completo;30;304;9118
009W0ZZ;009;0;009;categoria_3_char;1;99;9118
009X0ZZ;009;0;009;categoria_3_char;2;99;9118
02100Z8;021;0;02100Z8;codigo_completo;20;120;9118
047L0D6;047;0;047;categoria_3_char;1;164;9118
047N0ZZ;047;0;047;categoria_3_char;1;164;9118
0QSJ04Z;0QS;0;0QSJ04Z;codigo_completo;49;304;9118
0SSF0ZZ;0SS;0;rare_sec_0;seccion_rare;1;13;9118
0KB00ZZ;0KB;0;rare_sec_0;seccion_rare;1;11;9118
0NUV07Z;0NU;0;rare_sec_0;seccion_rare;1;3;9118
041K09L;041;0;041;categoria_3_char;6;123;9118
099W0ZZ;099;0;099;categoria_3_char;1;87;9118
04V03DZ;04V;0;04V;categoria_3_char;7;30;9118
0D980ZZ;0D9;0;0D9;categoria_3_char;1;104;9118
0D9E0ZZ;0D9;0;0D9;categoria_3_char;1;104;9118
0DQH0ZZ;0DQ;0;0DQ;categoria_3_char;1;49;9118
0D598ZZ;0D5;0;0D598ZZ;codigo_completo;10;36;9118
0HBU3ZX;0HB;0;0HB;categoria_3_char;3;206;9118
0DB68ZZ;0DB;0;0DB68ZZ;codigo_completo;19;882;9118
00953ZX;009;0;00953ZX;codigo_completo;10;99;9118
0DB28ZX;0DB;0;0DB28ZX;codigo_completo;11;882;9118
041H09H;041;0;041;categoria_3_char;1;123;9118
04PY0JZ;04P;0;rare_sec_0;seccion_rare;2;3;9118
06BN0ZZ;06B;0;06B;categoria_3_char;1;93;9118
0KCQ0ZZ;0KC;0;rare_sec_0;seccion_rare;1;3;9118
0TCB7ZZ;0TC;0;0TC;categoria_3_char;2;35;9118
041L09L;041;0;041;categoria_3_char;6;123;9118
0B9D8ZX;0B9;0;0B9;categoria_3_char;9;111;9118
0HBNXZZ;0HB;0;0HBNXZZ;codigo_completo;10;206;9118
089W0ZZ;089;0;rare_sec_0;seccion_rare;1;5;9118
0CTQXZZ;0CT;0;0CTQXZZ;codigo_completo;19;44;9118
07T50ZZ;07T;0;07T;categoria_3_char;7;91;9118
0HTT0ZZ;0HT;0;0HTT0ZZ;codigo_completo;14;26;9118
037H0DZ;037;0;rare_sec_0;seccion_rare;1;9;9118
047L3ZZ;047;0;047;categoria_3_char;5;164;9118
02580ZZ;025;0;025;categoria_3_char;2;83;9118
03BC0ZZ;03B;0;03BC0ZZ;codigo_completo;10;68;9118
02H43KZ;02H;0;02H;categoria_3_char;3;237;9118
02H73KZ;02H;0;02H;categoria_3_char;1;237;9118
0D9N00Z;0D9;0;0D9;categoria_3_char;1;104;9118
0D9R00Z;0D9;0;0D9;categoria_3_char;1;104;9118
0H2PX0Z;0H2;0;rare_sec_0;seccion_rare;1;1;9118
0H9JX0Z;0H9;0;0H9;categoria_3_char;1;28;9118
0H9JXZZ;0H9;0;0H9;categoria_3_char;1;28;9118
0HD8XZZ;0HD;0;rare_sec_0;seccion_rare;1;11;9118
0HDJXZZ;0HD;0;rare_sec_0;seccion_rare;1;11;9118
0KBP0ZZ;0KB;0;rare_sec_0;seccion_rare;1;11;9118
0KBR0ZZ;0KB;0;rare_sec_0;seccion_rare;3;11;9118
3E033GC;3E0;3;3E0;categoria_3_char;6;1527;2182
0SRR039;0SR;0;0SR;categoria_3_char;4;525;9118
8E0WXBH;8E0;8;8E0;categoria_3_char;1;94;94
0HQJXZZ;0HQ;0;0HQ;categoria_3_char;3;102;9118
0QPC04Z;0QP;0;0QP;categoria_3_char;3;78;9118
0SJD4ZZ;0SJ;0;rare_sec_0;seccion_rare;1;7;9118
0MB24ZZ;0MB;0;0MB;categoria_3_char;6;33;9118
0MUN07Z;0MU;0;0MU;categoria_3_char;7;86;9118
0SR9019;0SR;0;0SR;categoria_3_char;2;525;9118
0SHB08Z;0SH;0;rare_sec_0;seccion_rare;3;9;9118
0SPB0JZ;0SP;0;0SP;categoria_3_char;6;39;9118
047L34Z;047;0;047;categoria_3_char;2;164;9118
0TBD8ZX;0TB;0;0TB;categoria_3_char;2;153;9118
0HBT0ZX;0HB;0;0HB;categoria_3_char;3;206;9118
0HPU0NZ;0HP;0;rare_sec_0;seccion_rare;1;7;9118
0HRU0JZ;0HR;0;0HR;categoria_3_char;1;92;9118
0HST0ZZ;0HS;0;rare_sec_0;seccion_rare;1;4;9118
03CH0Z6;03C;0;03C;categoria_3_char;1;48;9118
03CK0Z6;03C;0;03C;categoria_3_char;1;48;9118
0TJ58ZZ;0TJ;0;0TJ;categoria_3_char;2;20;9118
0TJ98ZZ;0TJ;0;0TJ;categoria_3_char;2;20;9118
047D3DZ;047;0;047D3DZ;codigo_completo;14;164;9118
047H3DZ;047;0;047H3DZ;codigo_completo;10;164;9118
047J3DZ;047;0;047J3DZ;codigo_completo;13;164;9118
0DQN0ZZ;0DQ;0;0DQ;categoria_3_char;2;49;9118
0TQD0ZZ;0TQ;0;rare_sec_0;seccion_rare;2;11;9118
09BL7ZZ;09B;0;09B;categoria_3_char;3;63;9118
0WPF4JZ;0WP;0;0WP;categoria_3_char;1;22;9118
10D07Z8;10D;1;10D;categoria_3_char;2;329;1060
0RRM0JZ;0RR;0;0RR;categoria_3_char;1;45;9118
0DQP7ZZ;0DQ;0;0DQ;categoria_3_char;2;49;9118
0DNV4ZZ;0DN;0;0DN;categoria_3_char;1;28;9118
0CBS8ZX;0CB;0;0CB;categoria_3_char;3;39;9118
0QP704Z;0QP;0;0QP;categoria_3_char;8;78;9118
0SB94ZZ;0SB;0;0SB;categoria_3_char;1;232;9118
0SBD0ZZ;0SB;0;0SB;categoria_3_char;3;232;9118
0LQ70ZZ;0LQ;0;0LQ;categoria_3_char;4;45;9118
0SR9029;0SR;0;0SR9029;codigo_completo;15;525;9118
0T170ZC;0T1;0;rare_sec_0;seccion_rare;1;13;9118
0TT10ZZ;0TT;0;0TT;categoria_3_char;4;45;9118
0UT20ZZ;0UT;0;0UT;categoria_3_char;6;195;9118
0UT70ZZ;0UT;0;0UT70ZZ;codigo_completo;11;195;9118
0UT90ZZ;0UT;0;0UT90ZZ;codigo_completo;13;195;9118
0UTC0ZZ;0UT;0;0UTC0ZZ;codigo_completo;11;195;9118
031C0ZF;031;0;031;categoria_3_char;7;21;9118
041K0ZN;041;0;041;categoria_3_char;1;123;9118
04JY4ZZ;04J;0;rare_sec_0;seccion_rare;1;1;9118
0DBK8ZZ;0DB;0;0DBK8ZZ;codigo_completo;42;882;9118
0DQV0ZZ;0DQ;0;0DQ;categoria_3_char;2;49;9118
0HBJXZZ;0HB;0;0HB;categoria_3_char;8;206;9118
0J8N0ZZ;0J8;0;rare_sec_0;seccion_rare;1;5;9118
0J8P0ZZ;0J8;0;rare_sec_0;seccion_rare;2;5;9118
0JBL3ZZ;0JB;0;0JB;categoria_3_char;1;103;9118
0QB60ZZ;0QB;0;0QB;categoria_3_char;3;187;9118
0QB70ZZ;0QB;0;0QB;categoria_3_char;2;187;9118
2W1NX6Z;2W1;2;rare_sec_2;seccion_rare;1;8;53
2W1PX6Z;2W1;2;rare_sec_2;seccion_rare;1;8;53
0JH609Z;0JH;0;0JH609Z;codigo_completo;10;219;9118
07BC4ZZ;07B;0;07B;categoria_3_char;8;172;9118
0CTW0Z1;0CT;0;0CT;categoria_3_char;4;44;9118
0CTX0Z1;0CT;0;0CT;categoria_3_char;5;44;9118
0N8T0ZZ;0N8;0;rare_sec_0;seccion_rare;1;4;9118
0N8V0ZZ;0N8;0;rare_sec_0;seccion_rare;1;4;9118
0NHT04Z;0NH;0;rare_sec_0;seccion_rare;1;2;9118
0NHV04Z;0NH;0;rare_sec_0;seccion_rare;1;2;9118
0DBE8ZX;0DB;0;0DBE8ZX;codigo_completo;32;882;9118
0DBH8ZZ;0DB;0;0DBH8ZZ;codigo_completo;31;882;9118
0HB6XZX;0HB;0;0HB;categoria_3_char;4;206;9118
0UT0FZZ;0UT;0;0UT;categoria_3_char;1;195;9118
0CTG0ZZ;0CT;0;0CT;categoria_3_char;3;44;9118
0T788DZ;0T7;0;0T7;categoria_3_char;9;85;9118
0T9030Z;0T9;0;0T9;categoria_3_char;6;327;9118
0T9130Z;0T9;0;0T9;categoria_3_char;3;327;9118
0D5R3ZZ;0D5;0;0D5;categoria_3_char;1;36;9118
031J0JK;031;0;031;categoria_3_char;4;21;9118
0TB04ZZ;0TB;0;0TB;categoria_3_char;3;153;9118
02PY33Z;02P;0;rare_sec_0;seccion_rare;4;13;9118
0JPT0XZ;0JP;0;0JP;categoria_3_char;6;48;9118
03HB33Z;03H;0;03HB33Z;codigo_completo;74;132;9118
03PY33Z;03P;0;rare_sec_0;seccion_rare;3;3;9118
05PY33Z;05P;0;05PY33Z;codigo_completo;14;19;9118
06HM33Z;06H;0;06HM33Z;codigo_completo;13;27;9118
0B21XEZ;0B2;0;rare_sec_0;seccion_rare;2;5;9118
0BH13EZ;0BH;0;0BH;categoria_3_char;1;46;9118
0BP17DZ;0BP;0;rare_sec_0;seccion_rare;1;8;9118
0BP1XDZ;0BP;0;rare_sec_0;seccion_rare;6;8;9118
0D2DXUZ;0D2;0;rare_sec_0;seccion_rare;1;6;9118
0DHA4UZ;0DH;0;0DH;categoria_3_char;2;271;9118
0HBEXZX;0HB;0;0HB;categoria_3_char;3;206;9118
0BJK8ZZ;0BJ;0;0BJ;categoria_3_char;1;54;9118
0W9B3ZX;0W9;0;0W9;categoria_3_char;3;291;9118
0HR6X74;0HR;0;0HR;categoria_3_char;9;92;9118
0HR6XK4;0HR;0;0HR;categoria_3_char;1;92;9118
0HR8X74;0HR;0;0HR;categoria_3_char;4;92;9118
0HR8XK4;0HR;0;0HR;categoria_3_char;2;92;9118
0HRCXK4;0HR;0;0HR;categoria_3_char;6;92;9118
0HRHXK4;0HR;0;0HR;categoria_3_char;4;92;9118
0HRKXK4;0HR;0;0HR;categoria_3_char;3;92;9118
3E10X8Z;3E1;3;3E1;categoria_3_char;6;63;2182
0SRR019;0SR;0;0SR;categoria_3_char;4;525;9118
0DB14ZX;0DB;0;0DB;categoria_3_char;1;882;9118
0LBM4ZZ;0LB;0;0LB;categoria_3_char;1;83;9118
0SR007Z;0SR;0;0SR;categoria_3_char;1;525;9118
0SGK07Z;0SG;0;0SG;categoria_3_char;1;99;9118
0D1B0Z4;0D1;0;0D1B0Z4;codigo_completo;15;166;9118
0DBK0ZZ;0DB;0;0DB;categoria_3_char;2;882;9118
0DBN0ZZ;0DB;0;0DB;categoria_3_char;8;882;9118
0DBS0ZZ;0DB;0;0DB;categoria_3_char;5;882;9118
0DBV0ZZ;0DB;0;0DB;categoria_3_char;2;882;9118
0DBW0ZZ;0DB;0;0DB;categoria_3_char;6;882;9118
0DTP0ZZ;0DT;0;0DT;categoria_3_char;7;221;9118
3E0M305;3E0;3;3E0;categoria_3_char;1;1527;2182
0TPBX0Z;0TP;0;0TP;categoria_3_char;5;57;9118
5A09358;5A0;5;5A0;categoria_3_char;3;446;953
BH41ZZZ;BH4;B;rare_sec_B;seccion_rare;3;4;1410
0991XZZ;099;0;099;categoria_3_char;1;87;9118
0DB38ZX;0DB;0;0DB38ZX;codigo_completo;22;882;9118
02120AW;021;0;021;categoria_3_char;6;120;9118
03B04ZZ;03B;0;03B;categoria_3_char;2;68;9118
0MBC0ZZ;0MB;0;0MB;categoria_3_char;3;33;9118
4B02XTZ;4B0;4;4B02XTZ;codigo_completo;25;79;2157
4A0234Z;4A0;4;4A0;categoria_3_char;9;723;2157
B3101ZZ;B31;B;B3101ZZ;codigo_completo;20;48;1410
B4101ZZ;B41;B;B41;categoria_3_char;5;39;1410
B41G1ZZ;B41;B;B41G1ZZ;codigo_completo;10;39;1410
07BH4ZX;07B;0;07B;categoria_3_char;1;172;9118
07BJ4ZX;07B;0;07B;categoria_3_char;1;172;9118
0WQF4ZZ;0WQ;0;0WQ;categoria_3_char;5;165;9118
0PS404Z;0PS;0;0PS;categoria_3_char;3;181;9118
0QS004Z;0QS;0;0QS;categoria_3_char;4;304;9118
0WQ23ZZ;0WQ;0;0WQ;categoria_3_char;1;165;9118
095L0ZZ;095;0;095;categoria_3_char;2;40;9118
0HBKXZZ;0HB;0;0HBKXZZ;codigo_completo;10;206;9118
0HRKX74;0HR;0;0HR;categoria_3_char;6;92;9118
0HRNX74;0HR;0;0HR;categoria_3_char;6;92;9118
30233K1;302;3;30233K1;codigo_completo;14;739;2182
07B13ZX;07B;0;07B;categoria_3_char;3;172;9118
0B9K8ZX;0B9;0;0B9;categoria_3_char;3;111;9118
0BBF8ZX;0BB;0;0BB;categoria_3_char;6;91;9118
0HQ0XZZ;0HQ;0;0HQ0XZZ;codigo_completo;21;102;9118
0HQGXZZ;0HQ;0;0HQ;categoria_3_char;1;102;9118
3E03305;3E0;3;3E03305;codigo_completo;20;1527;2182
3E0137Z;3E0;3;3E0;categoria_3_char;6;1527;2182
0FC98ZZ;0FC;0;0FC98ZZ;codigo_completo;57;63;9118
0Y6N0Z9;0Y6;0;0Y6;categoria_3_char;4;66;9118
0LQ10ZZ;0LQ;0;0LQ;categoria_3_char;5;45;9118
0RNJ0ZZ;0RN;0;rare_sec_0;seccion_rare;2;12;9118
0UUF4JZ;0UU;0;rare_sec_0;seccion_rare;1;6;9118
0SG1071;0SG;0;0SG1071;codigo_completo;10;99;9118
047C3D6;047;0;047;categoria_3_char;5;164;9118
0VB00ZZ;0VB;0;0VB00ZZ;codigo_completo;12;93;9118
0J9N0ZZ;0J9;0;0J9;categoria_3_char;2;38;9118
BF120ZZ;BF1;B;BF1;categoria_3_char;5;87;1410
041D0JH;041;0;041;categoria_3_char;1;123;9118
04UL3JZ;04U;0;rare_sec_0;seccion_rare;3;6;9118
4A023N8;4A0;4;4A023N8;codigo_completo;10;723;2157
0DTG4ZZ;0DT;0;0DTG4ZZ;codigo_completo;12;221;9118
0GBM0ZZ;0GB;0;0GB;categoria_3_char;3;20;9118
B4201ZZ;B42;B;rare_sec_B;seccion_rare;5;8;1410
0D194ZB;0D1;0;0D1;categoria_3_char;1;166;9118
0T29X0Z;0T2;0;rare_sec_0;seccion_rare;8;15;9118
0WBF4ZZ;0WB;0;rare_sec_0;seccion_rare;3;14;9118
0SRS01A;0SR;0;0SR;categoria_3_char;2;525;9118
0DW08UZ;0DW;0;rare_sec_0;seccion_rare;1;13;9118
10S0XZZ;10S;1;rare_sec_1;seccion_rare;6;6;1060
0CB70ZZ;0CB;0;0CB;categoria_3_char;4;39;9118
0J943ZZ;0J9;0;0J9;categoria_3_char;1;38;9118
0KXH0Z2;0KX;0;rare_sec_0;seccion_rare;2;9;9118
0F798ZZ;0F7;0;0F7;categoria_3_char;8;61;9118
0FHB8DZ;0FH;0;rare_sec_0;seccion_rare;7;11;9118
0FHD8DZ;0FH;0;rare_sec_0;seccion_rare;6;11;9118
BF10YZZ;BF1;B;BF10YZZ;codigo_completo;12;87;1410
041K09P;041;0;041;categoria_3_char;2;123;9118
0HDKXZZ;0HD;0;rare_sec_0;seccion_rare;2;11;9118
0LBN0ZZ;0LB;0;0LB;categoria_3_char;4;83;9118
0QBG0ZZ;0QB;0;0QB;categoria_3_char;3;187;9118
0RP10AZ;0RP;0;rare_sec_0;seccion_rare;3;11;9118
02703ZZ;027;0;02703ZZ;codigo_completo;24;299;9118
09BQ4ZZ;09B;0;09B;categoria_3_char;3;63;9118
0BB68ZX;0BB;0;0BB;categoria_3_char;8;91;9118
0FB20ZZ;0FB;0;0FB;categoria_3_char;2;89;9118
07BH3ZX;07B;0;07B;categoria_3_char;1;172;9118
0BB28ZX;0BB;0;0BB;categoria_3_char;2;91;9118
0NBV0ZZ;0NB;0;0NB;categoria_3_char;7;22;9118
0JB80ZX;0JB;0;0JB;categoria_3_char;1;103;9118
0Y0C3ZZ;0Y0;0;rare_sec_0;seccion_rare;1;3;9118
0Y0D3ZZ;0Y0;0;rare_sec_0;seccion_rare;1;3;9118
04104JK;041;0;041;categoria_3_char;3;123;9118
0JBN0ZX;0JB;0;0JB;categoria_3_char;1;103;9118
3E1U38Z;3E1;3;3E1;categoria_3_char;9;63;2182
0QS804Z;0QS;0;0QS;categoria_3_char;4;304;9118
0SP90JZ;0SP;0;0SP;categoria_3_char;7;39;9118
07B14ZX;07B;0;07B;categoria_3_char;1;172;9118
0CBM8ZX;0CB;0;0CB;categoria_3_char;5;39;9118
0CJS8ZZ;0CJ;0;rare_sec_0;seccion_rare;6;8;9118
07TD4ZZ;07T;0;07TD4ZZ;codigo_completo;11;91;9118
07B50ZZ;07B;0;07B50ZZ;codigo_completo;12;172;9118
0FB00ZX;0FB;0;0FB;categoria_3_char;1;89;9118
3E033XZ;3E0;3;3E0;categoria_3_char;5;1527;2182
02UG0JZ;02U;0;rare_sec_0;seccion_rare;8;15;9118
0T7C8ZZ;0T7;0;0T7;categoria_3_char;1;85;9118
0JH604Z;0JH;0;0JH;categoria_3_char;5;219;9118
025S3ZZ;025;0;025;categoria_3_char;1;83;9118
025T3ZZ;025;0;025;categoria_3_char;1;83;9118
0FB04ZX;0FB;0;0FB;categoria_3_char;3;89;9118
0JPT0MZ;0JP;0;0JP;categoria_3_char;1;48;9118
03QJ3ZZ;03Q;0;rare_sec_0;seccion_rare;1;4;9118
0HB8XZZ;0HB;0;0HB;categoria_3_char;3;206;9118
099500Z;099;0;099;categoria_3_char;6;87;9118
099600Z;099;0;099;categoria_3_char;7;87;9118
0SRB029;0SR;0;0SR;categoria_3_char;5;525;9118
0QS704Z;0QS;0;0QS704Z;codigo_completo;10;304;9118
0DBP4ZZ;0DB;0;0DB;categoria_3_char;7;882;9118
0DBW4ZX;0DB;0;0DB;categoria_3_char;4;882;9118
0UB08ZX;0UB;0;0UB;categoria_3_char;1;58;9118
0UB08ZZ;0UB;0;0UB;categoria_3_char;2;58;9118
07BB0ZZ;07B;0;07B;categoria_3_char;2;172;9118
0W1G4J4;0W1;0;rare_sec_0;seccion_rare;3;5;9118
3E1M39Z;3E1;3;3E1;categoria_3_char;5;63;2182
5A15223;5A1;5;5A1;categoria_3_char;3;441;953
0J9R0ZZ;0J9;0;0J9;categoria_3_char;2;38;9118
021209W;021;0;021;categoria_3_char;2;120;9118
0BBN4ZX;0BB;0;0BB;categoria_3_char;4;91;9118
0W993ZX;0W9;0;0W9;categoria_3_char;7;291;9118
0BBF3ZX;0BB;0;0BB;categoria_3_char;1;91;9118
027236Z;027;0;027;categoria_3_char;2;299;9118
0BDP4ZZ;0BD;0;rare_sec_0;seccion_rare;3;8;9118
0J9N3ZZ;0J9;0;0J9;categoria_3_char;1;38;9118
0M940ZZ;0M9;0;rare_sec_0;seccion_rare;1;2;9118
0H9MXZZ;0H9;0;0H9;categoria_3_char;1;28;9118
0HBCXZZ;0HB;0;0HB;categoria_3_char;4;206;9118
0HBEXZZ;0HB;0;0HB;categoria_3_char;3;206;9118
0HR5XK4;0HR;0;0HR;categoria_3_char;3;92;9118
0HRCX74;0HR;0;0HR;categoria_3_char;6;92;9118
0HREX74;0HR;0;0HR;categoria_3_char;4;92;9118
0HREXK4;0HR;0;0HR;categoria_3_char;2;92;9118
0HRJXK4;0HR;0;0HR;categoria_3_char;2;92;9118
8E09XBH;8E0;8;8E09XBH;codigo_completo;16;94;94
3E043VG;3E0;3;3E0;categoria_3_char;1;1527;2182
02LR0ZT;02L;0;rare_sec_0;seccion_rare;1;4;9118
06H033T;06H;0;06H;categoria_3_char;9;27;9118
0DTJ0ZZ;0DT;0;0DT;categoria_3_char;7;221;9118
0W9G00Z;0W9;0;0W9;categoria_3_char;6;291;9118
0T7B8DZ;0T7;0;0T7;categoria_3_char;1;85;9118
0TCB8ZZ;0TC;0;0TC;categoria_3_char;5;35;9118
0ST40ZZ;0ST;0;rare_sec_0;seccion_rare;4;11;9118
0UT04ZZ;0UT;0;0UT;categoria_3_char;6;195;9118
B2101ZZ;B21;B;B21;categoria_3_char;7;644;1410
0JB10ZZ;0JB;0;0JB;categoria_3_char;4;103;9118
0WUN0JZ;0WU;0;0WUN0JZ;codigo_completo;11;119;9118
09BQ4ZX;09B;0;09B;categoria_3_char;1;63;9118
0Q8R0ZZ;0Q8;0;0Q8;categoria_3_char;5;50;9118
0QBH0ZZ;0QB;0;0QB;categoria_3_char;3;187;9118
0PSG04Z;0PS;0;0PS;categoria_3_char;7;181;9118
0RSJXZZ;0RS;0;rare_sec_0;seccion_rare;3;15;9118
0BB48ZX;0BB;0;0BB48ZX;codigo_completo;13;91;9118
0DQW0ZZ;0DQ;0;0DQ;categoria_3_char;1;49;9118
02BN0ZX;02B;0;rare_sec_0;seccion_rare;2;4;9118
0W9D0ZZ;0W9;0;0W9;categoria_3_char;3;291;9118
0W9D30Z;0W9;0;0W9;categoria_3_char;6;291;9118
0Y6Q0Z2;0Y6;0;0Y6;categoria_3_char;1;66;9118
0DB94ZX;0DB;0;0DB;categoria_3_char;7;882;9118
0PPP04Z;0PP;0;rare_sec_0;seccion_rare;1;18;9118
00B00ZZ;00B;0;00B;categoria_3_char;3;30;9118
0DV64CZ;0DV;0;0DV;categoria_3_char;7;39;9118
0DBL8ZZ;0DB;0;0DBL8ZZ;codigo_completo;35;882;9118
0DBM8ZZ;0DB;0;0DBM8ZZ;codigo_completo;23;882;9118
0DBN8ZZ;0DB;0;0DBN8ZZ;codigo_completo;40;882;9118
0DBP8ZZ;0DB;0;0DBP8ZZ;codigo_completo;22;882;9118
047M3Z1;047;0;047;categoria_3_char;1;164;9118
02HL0JZ;02H;0;02H;categoria_3_char;3;237;9118
08BQXZZ;08B;0;rare_sec_0;seccion_rare;1;2;9118
08QQXZZ;08Q;0;rare_sec_0;seccion_rare;1;3;9118
0HB1XZZ;0HB;0;0HB;categoria_3_char;5;206;9118
0HR1X73;0HR;0;0HR;categoria_3_char;1;92;9118
0R9J3ZZ;0R9;0;rare_sec_0;seccion_rare;1;3;9118
0U797ZZ;0U7;0;rare_sec_0;seccion_rare;1;12;9118
0B9M8ZZ;0B9;0;0B9;categoria_3_char;8;111;9118
3E1F88Z;3E1;3;3E1;categoria_3_char;2;63;2182
027035Z;027;0;027035Z;codigo_completo;34;299;9118
099B0ZZ;099;0;099;categoria_3_char;1;87;9118
041K0JN;041;0;041;categoria_3_char;2;123;9118
06BM0ZZ;06B;0;06B;categoria_3_char;2;93;9118
07T60ZZ;07T;0;07T60ZZ;codigo_completo;10;91;9118
0HTU0ZZ;0HT;0;0HTU0ZZ;codigo_completo;10;26;9118
0W380ZZ;0W3;0;0W3;categoria_3_char;2;60;9118
07B60ZZ;07B;0;07B60ZZ;codigo_completo;27;172;9118
0HBU0ZZ;0HB;0;0HBU0ZZ;codigo_completo;42;206;9118
02H60JZ;02H;0;02H;categoria_3_char;1;237;9118
02HK0JZ;02H;0;02H;categoria_3_char;2;237;9118
5A1223Z;5A1;5;5A1;categoria_3_char;7;441;953
B2121ZZ;B21;B;B21;categoria_3_char;5;644;1410
D0002ZZ;D00;D;rare_sec_D;seccion_rare;1;4;33
0HRMX73;0HR;0;0HR;categoria_3_char;2;92;9118
0F900ZX;0F9;0;0F9;categoria_3_char;1;46;9118
B03BZZZ;B03;B;rare_sec_B;seccion_rare;1;17;1410
BW281ZZ;BW2;B;BW2;categoria_3_char;5;63;1410
009600Z;009;0;009;categoria_3_char;9;99;9118
00P60JZ;00P;0;rare_sec_0;seccion_rare;3;4;9118
0DP60CZ;0DP;0;0DP;categoria_3_char;1;31;9118
0D1B4Z4;0D1;0;0D1;categoria_3_char;6;166;9118
0DTL0ZZ;0DT;0;0DT;categoria_3_char;1;221;9118
0DTN0ZZ;0DT;0;0DT;categoria_3_char;7;221;9118
0UBG0ZZ;0UB;0;0UB;categoria_3_char;1;58;9118
0DTF0ZZ;0DT;0;0DT;categoria_3_char;4;221;9118
0QP904Z;0QP;0;0QP;categoria_3_char;1;78;9118
0QBB0ZZ;0QB;0;0QB;categoria_3_char;3;187;9118
0MUP4JZ;0MU;0;0MU;categoria_3_char;1;86;9118
0SBC0ZZ;0SB;0;0SB;categoria_3_char;3;232;9118
0QSP04Z;0QS;0;0QS;categoria_3_char;6;304;9118
0SGN04Z;0SG;0;0SG;categoria_3_char;3;99;9118
0P8H0ZZ;0P8;0;rare_sec_0;seccion_rare;1;2;9118
0PUH07Z;0PU;0;rare_sec_0;seccion_rare;2;5;9118
0QB20ZZ;0QB;0;0QB;categoria_3_char;6;187;9118
0F9930Z;0F9;0;0F9;categoria_3_char;1;46;9118
04CL0Z6;04C;0;04C;categoria_3_char;2;26;9118
0KXF0Z2;0KX;0;rare_sec_0;seccion_rare;1;9;9118
6A800ZZ;6A8;6;6A800ZZ;codigo_completo;18;29;72
0F798DZ;0F7;0;0F798DZ;codigo_completo;33;61;9118
B2131ZZ;B21;B;B21;categoria_3_char;8;644;1410
4A02X4Z;4A0;4;4A0;categoria_3_char;4;723;2157
05H63DZ;05H;0;05H;categoria_3_char;2;350;9118
0S9C3ZZ;0S9;0;rare_sec_0;seccion_rare;2;18;9118
3E0U3GC;3E0;3;3E0;categoria_3_char;1;1527;2182
0QSB04Z;0QS;0;0QS;categoria_3_char;5;304;9118
0FB03ZX;0FB;0;0FB03ZX;codigo_completo;36;89;9118
4A043B2;4A0;4;4A0;categoria_3_char;1;723;2157
0H97XZZ;0H9;0;0H9;categoria_3_char;4;28;9118
0HB5XZZ;0HB;0;0HB;categoria_3_char;3;206;9118
0HPPXKZ;0HP;0;rare_sec_0;seccion_rare;3;7;9118
0HR0X74;0HR;0;0HR;categoria_3_char;2;92;9118
0HR0XK3;0HR;0;0HR;categoria_3_char;1;92;9118
0HR6XK3;0HR;0;0HR;categoria_3_char;1;92;9118
0NB70ZZ;0NB;0;0NB;categoria_3_char;1;22;9118
HZ90ZZZ;HZ9;H;rare_sec_H;seccion_rare;9;16;42
041L0JM;041;0;041;categoria_3_char;1;123;9118
0Y6D0Z2;0Y6;0;0Y6;categoria_3_char;4;66;9118
3E0T3TZ;3E0;3;3E0;categoria_3_char;1;1527;2182
0DNN4ZZ;0DN;0;0DN;categoria_3_char;1;28;9118
0QSK06Z;0QS;0;0QS;categoria_3_char;2;304;9118
0RSS34Z;0RS;0;rare_sec_0;seccion_rare;1;15;9118
HZ80ZZZ;HZ8;H;HZ80ZZZ;codigo_completo;13;17;42
0QS604Z;0QS;0;0QS;categoria_3_char;7;304;9118
0DF58ZZ;0DF;0;rare_sec_0;seccion_rare;1;1;9118
0JHG3XZ;0JH;0;0JH;categoria_3_char;2;219;9118
02CG0ZZ;02C;0;rare_sec_0;seccion_rare;1;19;9118
03BT0ZX;03B;0;03B;categoria_3_char;1;68;9118
09C3XZZ;09C;0;rare_sec_0;seccion_rare;2;3;9118
09C4XZZ;09C;0;rare_sec_0;seccion_rare;2;3;9118
0DBM8ZX;0DB;0;0DBM8ZX;codigo_completo;21;882;9118
0T9680Z;0T9;0;0T9680Z;codigo_completo;25;327;9118
0WBH0ZZ;0WB;0;rare_sec_0;seccion_rare;1;14;9118
0QSG04Z;0QS;0;0QSG04Z;codigo_completo;29;304;9118
3E033HZ;3E0;3;3E0;categoria_3_char;1;1527;2182
0BBR0ZZ;0BB;0;0BB;categoria_3_char;1;91;9118
0FB10ZZ;0FB;0;0FB;categoria_3_char;6;89;9118
081Y0Z3;081;0;rare_sec_0;seccion_rare;2;5;9118
09QL0ZZ;09Q;0;09Q;categoria_3_char;1;94;9118
0B5J8ZZ;0B5;0;rare_sec_0;seccion_rare;2;4;9118
0LBL0ZZ;0LB;0;0LB;categoria_3_char;8;83;9118
041L0JH;041;0;041;categoria_3_char;2;123;9118
095L8ZZ;095;0;095;categoria_3_char;3;40;9118
099U4ZZ;099;0;099;categoria_3_char;5;87;9118
099V4ZZ;099;0;099;categoria_3_char;4;87;9118
09B60ZZ;09B;0;09B;categoria_3_char;2;63;9118
0CDXXZ0;0CD;0;0CDXXZ0;codigo_completo;10;36;9118
0N9T0ZZ;0N9;0;rare_sec_0;seccion_rare;1;3;9118
BW241ZZ;BW2;B;BW241ZZ;codigo_completo;21;63;1410
BW2F1ZZ;BW2;B;BW2;categoria_3_char;1;63;1410
0DW847Z;0DW;0;rare_sec_0;seccion_rare;3;13;9118
0QS606Z;0QS;0;0QS;categoria_3_char;4;304;9118
0DSN4ZZ;0DS;0;rare_sec_0;seccion_rare;1;7;9118
0QS806Z;0QS;0;0QS;categoria_3_char;3;304;9118
0H95XZZ;0H9;0;0H9;categoria_3_char;1;28;9118
0PSJ04Z;0PS;0;0PSJ04Z;codigo_completo;35;181;9118
0NSP04Z;0NS;0;rare_sec_0;seccion_rare;1;9;9118
0CT90ZZ;0CT;0;0CT;categoria_3_char;2;44;9118
0LBQ4ZZ;0LB;0;0LB;categoria_3_char;5;83;9118
0Q8P0ZZ;0Q8;0;0Q8P0ZZ;codigo_completo;13;50;9118
0HR3X74;0HR;0;0HR;categoria_3_char;1;92;9118
0QPL04Z;0QP;0;0QP;categoria_3_char;2;78;9118
0QPN04Z;0QP;0;0QP;categoria_3_char;1;78;9118
0RGS07Z;0RG;0;0RG;categoria_3_char;1;108;9118
0L8V0ZZ;0L8;0;rare_sec_0;seccion_rare;2;9;9118
0KQS0ZZ;0KQ;0;0KQ;categoria_3_char;1;50;9118
081Y0J3;081;0;rare_sec_0;seccion_rare;2;5;9118
0D8R3ZZ;0D8;0;rare_sec_0;seccion_rare;2;11;9118
0LQM0ZZ;0LQ;0;0LQ;categoria_3_char;1;45;9118
07T74ZZ;07T;0;07T;categoria_3_char;5;91;9118
0BTC4ZZ;0BT;0;0BT;categoria_3_char;3;20;9118
0W9G3ZX;0W9;0;0W9;categoria_3_char;4;291;9118
0WPBX0Z;0WP;0;0WP;categoria_3_char;4;22;9118
0F9030Z;0F9;0;0F9;categoria_3_char;3;46;9118
BF110ZZ;BF1;B;BF1;categoria_3_char;2;87;1410
0LXP0ZZ;0LX;0;rare_sec_0;seccion_rare;2;12;9118
0W9F3ZZ;0W9;0;0W9;categoria_3_char;5;291;9118
07993ZX;079;0;rare_sec_0;seccion_rare;2;17;9118
07T90ZZ;07T;0;07T;categoria_3_char;1;91;9118
0H9U3ZX;0H9;0;0H9;categoria_3_char;2;28;9118
0HB1XZX;0HB;0;0HB;categoria_3_char;2;206;9118
0SWBXJZ;0SW;0;rare_sec_0;seccion_rare;1;9;9118
0QSH04Z;0QS;0;0QSH04Z;codigo_completo;26;304;9118
3E0430M;3E0;3;3E0430M;codigo_completo;24;1527;2182
0JHD3XZ;0JH;0;0JH;categoria_3_char;4;219;9118
0LBM0ZZ;0LB;0;0LB;categoria_3_char;3;83;9118
0DB18ZX;0DB;0;0DB;categoria_3_char;9;882;9118
0CBT8ZZ;0CB;0;0CB;categoria_3_char;1;39;9118
0CBV8ZZ;0CB;0;0CB;categoria_3_char;1;39;9118
0SNCXZZ;0SN;0;rare_sec_0;seccion_rare;1;4;9118
0VNT0ZZ;0VN;0;rare_sec_0;seccion_rare;1;7;9118
0VUS0JZ;0VU;0;rare_sec_0;seccion_rare;2;2;9118
07DR0ZZ;07D;0;07DR0ZZ;codigo_completo;15;77;9118
0MQN0ZZ;0MQ;0;0MQ;categoria_3_char;3;34;9118
0Q8D0ZZ;0Q8;0;0Q8;categoria_3_char;1;50;9118
0SNC0ZZ;0SN;0;rare_sec_0;seccion_rare;1;4;9118
0DN60ZZ;0DN;0;0DN;categoria_3_char;1;28;9118
0JC60ZZ;0JC;0;rare_sec_0;seccion_rare;1;8;9118
0QB30ZZ;0QB;0;0QB30ZZ;codigo_completo;13;187;9118
8E0YXBZ;8E0;8;8E0;categoria_3_char;4;94;94
0SPB0KZ;0SP;0;0SP;categoria_3_char;1;39;9118
0SRD0JA;0SR;0;0SR;categoria_3_char;2;525;9118
0MQT0ZZ;0MQ;0;0MQ;categoria_3_char;3;34;9118
0KX80Z2;0KX;0;rare_sec_0;seccion_rare;1;9;9118
0NSBXZZ;0NS;0;rare_sec_0;seccion_rare;2;9;9118
0F9C8ZZ;0F9;0;0F9;categoria_3_char;3;46;9118
0W9G0ZX;0W9;0;0W9;categoria_3_char;1;291;9118
BF4CZZZ;BF4;B;BF4CZZZ;codigo_completo;32;61;1410
0DQ68ZZ;0DQ;0;0DQ;categoria_3_char;3;49;9118
3E0G8TZ;3E0;3;3E0;categoria_3_char;3;1527;2182
0PSCXZZ;0PS;0;0PS;categoria_3_char;1;181;9118
00C00ZZ;00C;0;rare_sec_0;seccion_rare;1;5;9118
03UL0JZ;03U;0;rare_sec_0;seccion_rare;7;17;9118
0QPG04Z;0QP;0;0QP;categoria_3_char;8;78;9118
0DP58DZ;0DP;0;0DP;categoria_3_char;4;31;9118
0MQS0ZZ;0MQ;0;0MQ;categoria_3_char;1;34;9118
0SRD0L9;0SR;0;0SR;categoria_3_char;2;525;9118
0RRJ0JZ;0RR;0;0RR;categoria_3_char;7;45;9118
0PB90ZZ;0PB;0;0PB;categoria_3_char;1;23;9118
0PH904Z;0PH;0;rare_sec_0;seccion_rare;1;6;9118
0PU907Z;0PU;0;rare_sec_0;seccion_rare;1;5;9118
0MQQ0ZZ;0MQ;0;0MQ;categoria_3_char;1;34;9118
0PTN0ZZ;0PT;0;rare_sec_0;seccion_rare;2;5;9118
0RGR04Z;0RG;0;0RG;categoria_3_char;1;108;9118
0TB10ZZ;0TB;0;0TB;categoria_3_char;3;153;9118
0DBH4ZX;0DB;0;0DB;categoria_3_char;2;882;9118
0SH00CZ;0SH;0;rare_sec_0;seccion_rare;2;9;9118
0F998ZX;0F9;0;0F9;categoria_3_char;1;46;9118
0FB98ZZ;0FB;0;0FB;categoria_3_char;1;89;9118
0JPT0WZ;0JP;0;0JPT0WZ;codigo_completo;13;48;9118
0Y960ZZ;0Y9;0;rare_sec_0;seccion_rare;2;6;9118
B31R1ZZ;B31;B;B31R1ZZ;codigo_completo;10;48;1410
0B998ZX;0B9;0;0B9;categoria_3_char;5;111;9118
0BB98ZX;0BB;0;0BB;categoria_3_char;1;91;9118
0F904ZX;0F9;0;0F9;categoria_3_char;1;46;9118
0FBD8ZX;0FB;0;0FB;categoria_3_char;3;89;9118
0FB13ZX;0FB;0;0FB;categoria_3_char;2;89;9118
0HBHXZX;0HB;0;0HB;categoria_3_char;2;206;9118
0F758DZ;0F7;0;0F7;categoria_3_char;2;61;9118
0F958ZZ;0F9;0;0F9;categoria_3_char;1;46;9118
0F968ZZ;0F9;0;0F9;categoria_3_char;2;46;9118
3E0H8GC;3E0;3;3E0;categoria_3_char;1;1527;2182
B246ZZZ;B24;B;B24;categoria_3_char;7;347;1410
02PY03Z;02P;0;rare_sec_0;seccion_rare;7;13;9118
0SRB0JA;0SR;0;0SR;categoria_3_char;2;525;9118
0HB6XZZ;0HB;0;0HB;categoria_3_char;5;206;9118
0QB10ZX;0QB;0;0QB;categoria_3_char;1;187;9118
0QBS0ZX;0QB;0;0QB;categoria_3_char;1;187;9118
BR3FYZZ;BR3;B;rare_sec_B;seccion_rare;1;3;1410
BT00ZZZ;BT0;B;rare_sec_B;seccion_rare;1;2;1410
0J9P0ZZ;0J9;0;0J9;categoria_3_char;3;38;9118
0DBF8ZX;0DB;0;0DB;categoria_3_char;6;882;9118
02C03ZZ;02C;0;02C03ZZ;codigo_completo;17;19;9118
0PSF06Z;0PS;0;0PS;categoria_3_char;7;181;9118
5A19054;5A1;5;5A1;categoria_3_char;1;441;953
B246YZZ;B24;B;B24;categoria_3_char;9;347;1410
0MBD0ZZ;0MB;0;0MB;categoria_3_char;5;33;9118
0PSH04Z;0PS;0;0PSH04Z;codigo_completo;27;181;9118
0QB10ZZ;0QB;0;0QB;categoria_3_char;3;187;9118
0BBJ3ZX;0BB;0;0BB;categoria_3_char;3;91;9118
0DBS4ZZ;0DB;0;0DB;categoria_3_char;2;882;9118
BB4CZZZ;BB4;B;rare_sec_B;seccion_rare;5;5;1410
069N3ZZ;069;0;rare_sec_0;seccion_rare;1;2;9118
0DC68ZZ;0DC;0;0DC;categoria_3_char;4;20;9118
0T9C8ZZ;0T9;0;0T9;categoria_3_char;2;327;9118
07TJ0ZZ;07T;0;07T;categoria_3_char;4;91;9118
0T180ZC;0T1;0;rare_sec_0;seccion_rare;8;13;9118
0TTB0ZZ;0TT;0;0TT;categoria_3_char;9;45;9118
02U73JZ;02U;0;rare_sec_0;seccion_rare;3;15;9118
03UK0KZ;03U;0;rare_sec_0;seccion_rare;1;17;9118
B3111ZZ;B31;B;B31;categoria_3_char;2;48;1410
0T9B30Z;0T9;0;0T9B30Z;codigo_completo;13;327;9118
3E0G86Z;3E0;3;3E0;categoria_3_char;4;1527;2182
0RG7071;0RG;0;0RG;categoria_3_char;1;108;9118
0RGA071;0RG;0;0RG;categoria_3_char;1;108;9118
3E1038X;3E1;3;3E1;categoria_3_char;1;63;2182
02PA3MZ;02P;0;rare_sec_0;seccion_rare;2;13;9118
0J993ZZ;0J9;0;0J9;categoria_3_char;2;38;9118
03H733Z;03H;0;03H;categoria_3_char;9;132;9118
B3181ZZ;B31;B;B31;categoria_3_char;3;48;1410
B31G1ZZ;B31;B;B31;categoria_3_char;2;48;1410
B31Q1ZZ;B31;B;B31;categoria_3_char;1;48;1410
0FBF8ZX;0FB;0;0FB;categoria_3_char;1;89;9118
BF47ZZZ;BF4;B;BF47ZZZ;codigo_completo;15;61;1410
0U914ZZ;0U9;0;rare_sec_0;seccion_rare;3;12;9118
06HN33Z;06H;0;06H;categoria_3_char;3;27;9118
0W9D3ZZ;0W9;0;0W9;categoria_3_char;7;291;9118
021109W;021;0;021;categoria_3_char;8;120;9118
B3171ZZ;B31;B;B31;categoria_3_char;1;48;1410
BF14YZZ;BF1;B;BF1;categoria_3_char;4;87;1410
8E0WXBF;8E0;8;8E0;categoria_3_char;1;94;94
0WHG03Z;0WH;0;rare_sec_0;seccion_rare;1;5;9118
0VQS0ZZ;0VQ;0;rare_sec_0;seccion_rare;3;10;9118
0PRM07Z;0PR;0;rare_sec_0;seccion_rare;2;7;9118
037L3DZ;037;0;rare_sec_0;seccion_rare;3;9;9118
0SG00A0;0SG;0;0SG;categoria_3_char;1;99;9118
07BC0ZX;07B;0;07B;categoria_3_char;2;172;9118
07BC0ZZ;07B;0;07B;categoria_3_char;8;172;9118
0PSK04Z;0PS;0;0PSK04Z;codigo_completo;12;181;9118
0TTB4ZZ;0TT;0;0TT;categoria_3_char;2;45;9118
0JBC0ZZ;0JB;0;0JB;categoria_3_char;3;103;9118
0JD43ZZ;0JD;0;rare_sec_0;seccion_rare;1;17;9118
0JDD3ZZ;0JD;0;rare_sec_0;seccion_rare;2;17;9118
0JDF3ZZ;0JD;0;rare_sec_0;seccion_rare;2;17;9118
0KQF0ZZ;0KQ;0;0KQ;categoria_3_char;2;50;9118
0KQG0ZZ;0KQ;0;0KQ;categoria_3_char;1;50;9118
0NR107Z;0NR;0;rare_sec_0;seccion_rare;1;3;9118
0NR207Z;0NR;0;rare_sec_0;seccion_rare;1;3;9118
0HDHXZZ;0HD;0;rare_sec_0;seccion_rare;1;11;9118
0BBB8ZX;0BB;0;0BBB8ZX;codigo_completo;10;91;9118
05HA33Z;05H;0;05H;categoria_3_char;3;350;9118
0BNK0ZZ;0BN;0;rare_sec_0;seccion_rare;1;3;9118
0WP930Z;0WP;0;0WP;categoria_3_char;2;22;9118
0RNK0ZZ;0RN;0;rare_sec_0;seccion_rare;1;12;9118
0RWK0JZ;0RW;0;rare_sec_0;seccion_rare;1;5;9118
0KMP0ZZ;0KM;0;rare_sec_0;seccion_rare;2;3;9118
0D5P8ZZ;0D5;0;0D5;categoria_3_char;5;36;9118
0MB14ZZ;0MB;0;0MB;categoria_3_char;1;33;9118
0RNG4ZZ;0RN;0;rare_sec_0;seccion_rare;1;12;9118
0FPB8DZ;0FP;0;0FPB8DZ;codigo_completo;13;23;9118
0TBC8ZX;0TB;0;0TB;categoria_3_char;1;153;9118
04703DZ;047;0;047;categoria_3_char;2;164;9118
04703D6;047;0;047;categoria_3_char;1;164;9118
0WQ80ZZ;0WQ;0;0WQ;categoria_3_char;2;165;9118
02130A8;021;0;021;categoria_3_char;1;120;9118
CW7GGZZ;CW7;C;rare_sec_C;seccion_rare;9;9;34
04753DZ;047;0;047;categoria_3_char;3;164;9118
0RQJ0ZZ;0RQ;0;rare_sec_0;seccion_rare;1;9;9118
0SRB049;0SR;0;0SR;categoria_3_char;9;525;9118
0SG007J;0SG;0;0SG;categoria_3_char;4;99;9118
00B70ZX;00B;0;00B;categoria_3_char;1;30;9118
04C00ZZ;04C;0;04C;categoria_3_char;3;26;9118
0PB33ZX;0PB;0;0PB;categoria_3_char;1;23;9118
09QM3ZZ;09Q;0;09Q;categoria_3_char;1;94;9118
3E0L3TZ;3E0;3;3E0L3TZ;codigo_completo;10;1527;2182
0TB13ZX;0TB;0;0TB13ZX;codigo_completo;13;153;9118
0CB83ZX;0CB;0;0CB;categoria_3_char;1;39;9118
0DL58DZ;0DL;0;rare_sec_0;seccion_rare;1;8;9118
0LRT07Z;0LR;0;rare_sec_0;seccion_rare;1;1;9118
0D9L00Z;0D9;0;0D9;categoria_3_char;1;104;9118
0D9N30Z;0D9;0;0D9;categoria_3_char;1;104;9118
0DH80DZ;0DH;0;0DH;categoria_3_char;1;271;9118
0DN80ZZ;0DN;0;0DN;categoria_3_char;8;28;9118
0W1G0J4;0W1;0;rare_sec_0;seccion_rare;2;5;9118
0W9G0ZZ;0W9;0;0W9;categoria_3_char;4;291;9118
2W43X5Z;2W4;2;rare_sec_2;seccion_rare;1;1;53
0CR407Z;0CR;0;rare_sec_0;seccion_rare;1;1;9118
0RWJ0JZ;0RW;0;rare_sec_0;seccion_rare;2;5;9118
0FBG3ZX;0FB;0;0FBG3ZX;codigo_completo;11;89;9118
0D130ZA;0D1;0;0D1;categoria_3_char;1;166;9118
0DNW0ZZ;0DN;0;0DN;categoria_3_char;1;28;9118
0JB90ZZ;0JB;0;0JB;categoria_3_char;2;103;9118
0JX90ZB;0JX;0;rare_sec_0;seccion_rare;1;9;9118
0SPA0JZ;0SP;0;0SP;categoria_3_char;2;39;9118
0SRA00A;0SR;0;0SR;categoria_3_char;1;525;9118
0Q8H0ZZ;0Q8;0;0Q8;categoria_3_char;2;50;9118
3E1L38Z;3E1;3;3E1;categoria_3_char;1;63;2182
0FPD8DZ;0FP;0;0FP;categoria_3_char;7;23;9118
0QS73BZ;0QS;0;0QS;categoria_3_char;1;304;9118
0QPK34Z;0QP;0;0QP;categoria_3_char;1;78;9118
0HB4XZX;0HB;0;0HB;categoria_3_char;2;206;9118
095L4ZZ;095;0;095;categoria_3_char;3;40;9118
0RG2070;0RG;0;0RG;categoria_3_char;2;108;9118
0RN10ZZ;0RN;0;rare_sec_0;seccion_rare;1;12;9118
00910ZZ;009;0;009;categoria_3_char;1;99;9118
0JH607Z;0JH;0;0JH607Z;codigo_completo;11;219;9118
04V03FZ;04V;0;04V;categoria_3_char;5;30;9118
0DBG0ZX;0DB;0;0DB;categoria_3_char;1;882;9118
0DBW0ZX;0DB;0;0DB;categoria_3_char;2;882;9118
0DBB4ZZ;0DB;0;0DB;categoria_3_char;3;882;9118
10A07ZZ;10A;1;rare_sec_1;seccion_rare;1;4;1060
0JQC3ZZ;0JQ;0;0JQ;categoria_3_char;5;40;9118
0UQG7ZZ;0UQ;0;rare_sec_0;seccion_rare;8;17;9118
0UT97ZZ;0UT;0;0UT97ZZ;codigo_completo;11;195;9118
0LM44ZZ;0LM;0;rare_sec_0;seccion_rare;1;19;9118
B31M1ZZ;B31;B;B31;categoria_3_char;1;48;1410
0VT90ZZ;0VT;0;0VT;categoria_3_char;4;95;9118
04V03E6;04V;0;04V;categoria_3_char;4;30;9118
03B10ZZ;03B;0;03B;categoria_3_char;5;68;9118
0DBW4ZZ;0DB;0;0DB;categoria_3_char;2;882;9118
0T25X0Z;0T2;0;rare_sec_0;seccion_rare;1;15;9118
03UL0KZ;03U;0;rare_sec_0;seccion_rare;3;17;9118
0W9G30Z;0W9;0;0W9;categoria_3_char;5;291;9118
0JB40ZX;0JB;0;0JB;categoria_3_char;2;103;9118
3E0K705;3E0;3;3E0;categoria_3_char;5;1527;2182
02K83ZZ;02K;0;02K83ZZ;codigo_completo;12;12;9118
0DB47ZX;0DB;0;0DB;categoria_3_char;1;882;9118
0U9C7ZX;0U9;0;rare_sec_0;seccion_rare;1;12;9118
0U9L0ZZ;0U9;0;rare_sec_0;seccion_rare;4;12;9118
0DJ68ZZ;0DJ;0;0DJ;categoria_3_char;8;529;9118
07B73ZX;07B;0;07B;categoria_3_char;2;172;9118
0B9L8ZX;0B9;0;0B9;categoria_3_char;3;111;9118
041K09N;041;0;041;categoria_3_char;3;123;9118
04CM0ZZ;04C;0;04C;categoria_3_char;2;26;9118
B244ZZ4;B24;B;B24;categoria_3_char;1;347;1410
0BBD4ZX;0BB;0;0BB;categoria_3_char;1;91;9118
3E0L3GC;3E0;3;3E0;categoria_3_char;7;1527;2182
0PSHXZZ;0PS;0;0PS;categoria_3_char;7;181;9118
2W3CX2Z;2W3;2;2W3;categoria_3_char;3;26;53
HZ2ZZZZ;HZ2;H;rare_sec_H;seccion_rare;9;9;42
0MMN0ZZ;0MM;0;rare_sec_0;seccion_rare;1;3;9118
0SR9039;0SR;0;0SR;categoria_3_char;6;525;9118
0DB58ZZ;0DB;0;0DB;categoria_3_char;1;882;9118
04CH3ZZ;04C;0;04C;categoria_3_char;1;26;9118
04CK3ZZ;04C;0;04C;categoria_3_char;2;26;9118
04CR3ZZ;04C;0;04C;categoria_3_char;1;26;9118
02C60ZZ;02C;0;rare_sec_0;seccion_rare;1;19;9118
02CQ0ZZ;02C;0;rare_sec_0;seccion_rare;1;19;9118
02CR0ZZ;02C;0;rare_sec_0;seccion_rare;1;19;9118
30253N1;302;3;302;categoria_3_char;5;739;2182
039C3ZZ;039;0;039;categoria_3_char;3;173;9118
6A4Z1ZZ;6A4;6;rare_sec_6;seccion_rare;1;4;72
0DJDXZZ;0DJ;0;0DJ;categoria_3_char;1;529;9118
0PSP04Z;0PS;0;0PS;categoria_3_char;2;181;9118
0QSL04Z;0QS;0;0QS;categoria_3_char;4;304;9118
3E1K88Z;3E1;3;3E1;categoria_3_char;1;63;2182
0DB84ZZ;0DB;0;0DB;categoria_3_char;4;882;9118
0DCQ8ZZ;0DC;0;0DC;categoria_3_char;1;20;9118
0DCQXZZ;0DC;0;0DC;categoria_3_char;1;20;9118
0DTP4ZZ;0DT;0;0DT;categoria_3_char;8;221;9118
0CBV7ZZ;0CB;0;0CB;categoria_3_char;1;39;9118
047K3Z1;047;0;047;categoria_3_char;1;164;9118
07B20ZX;07B;0;07B;categoria_3_char;5;172;9118
07BD0ZZ;07B;0;07B;categoria_3_char;6;172;9118
07TP0ZZ;07T;0;07T;categoria_3_char;1;91;9118
02110A8;021;0;02110A8;codigo_completo;10;120;9118
0RNM0ZZ;0RN;0;rare_sec_0;seccion_rare;1;12;9118
0RPM0JZ;0RP;0;rare_sec_0;seccion_rare;1;11;9118
07TB4ZZ;07T;0;07T;categoria_3_char;4;91;9118
0QSK04Z;0QS;0;0QSK04Z;codigo_completo;25;304;9118
0TF48ZZ;0TF;0;rare_sec_0;seccion_rare;3;19;9118
0TP90JZ;0TP;0;0TP;categoria_3_char;1;57;9118
0UB98ZZ;0UB;0;0UB;categoria_3_char;5;58;9118
0UN74ZZ;0UN;0;rare_sec_0;seccion_rare;1;4;9118
3E0P7KZ;3E0;3;3E0;categoria_3_char;1;1527;2182
00W60JZ;00W;0;rare_sec_0;seccion_rare;1;2;9118
0WWG0JZ;0WW;0;rare_sec_0;seccion_rare;1;1;9118
0T9670Z;0T9;0;0T9;categoria_3_char;1;327;9118
BF0C1ZZ;BF0;B;BF0C1ZZ;codigo_completo;25;139;1410
0SGN0ZZ;0SG;0;0SG;categoria_3_char;4;99;9118
047H34Z;047;0;047;categoria_3_char;5;164;9118
09TU0ZZ;09T;0;rare_sec_0;seccion_rare;3;3;9118
09TV0ZZ;09T;0;rare_sec_0;seccion_rare;3;3;9118
02713ZZ;027;0;027;categoria_3_char;1;299;9118
0H98XZZ;0H9;0;0H9;categoria_3_char;2;28;9118
3E0T33Z;3E0;3;3E0;categoria_3_char;5;1527;2182
0DCA8ZZ;0DC;0;0DC;categoria_3_char;2;20;9118
0T9880Z;0T9;0;0T9;categoria_3_char;2;327;9118
0TP9X0Z;0TP;0;0TP;categoria_3_char;3;57;9118
0PSJXZZ;0PS;0;0PS;categoria_3_char;9;181;9118
0B9B8ZZ;0B9;0;0B9;categoria_3_char;2;111;9118
4A023N6;4A0;4;4A0;categoria_3_char;4;723;2157
0BH18EZ;0BH;0;0BH;categoria_3_char;2;46;9118
0SG30A1;0SG;0;0SG;categoria_3_char;6;99;9118
0TBB4ZX;0TB;0;0TB;categoria_3_char;2;153;9118
0QHH04Z;0QH;0;rare_sec_0;seccion_rare;2;13;9118
0QRH07Z;0QR;0;rare_sec_0;seccion_rare;1;3;9118
0TQ30ZZ;0TQ;0;rare_sec_0;seccion_rare;1;11;9118
0UB14ZZ;0UB;0;0UB;categoria_3_char;3;58;9118
BF43ZZZ;BF4;B;BF43ZZZ;codigo_completo;13;61;1410
0F9G4ZZ;0F9;0;0F9;categoria_3_char;2;46;9118
BF031ZZ;BF0;B;BF031ZZ;codigo_completo;16;139;1410
0T9140Z;0T9;0;0T9;categoria_3_char;1;327;9118
07B10ZZ;07B;0;07B;categoria_3_char;7;172;9118
0GTL0ZZ;0GT;0;0GT;categoria_3_char;1;117;9118
0GTM0ZZ;0GT;0;0GT;categoria_3_char;3;117;9118
0GTN0ZZ;0GT;0;0GT;categoria_3_char;5;117;9118
0PSJ05Z;0PS;0;0PS;categoria_3_char;1;181;9118
0PSC04Z;0PS;0;0PS;categoria_3_char;5;181;9118
0DB78ZX;0DB;0;0DB78ZX;codigo_completo;29;882;9118
BF45ZZZ;BF4;B;BF4;categoria_3_char;4;61;1410
0KBT0ZZ;0KB;0;rare_sec_0;seccion_rare;1;11;9118
0JWT0PZ;0JW;0;rare_sec_0;seccion_rare;1;3;9118
0QH704Z;0QH;0;rare_sec_0;seccion_rare;1;13;9118
0YQ50ZZ;0YQ;0;rare_sec_0;seccion_rare;7;16;9118
3E033WL;3E0;3;3E0;categoria_3_char;4;1527;2182
02703DZ;027;0;02703DZ;codigo_completo;12;299;9118
03CH0ZZ;03C;0;03C;categoria_3_char;3;48;9118
02H43JZ;02H;0;02H;categoria_3_char;3;237;9118
0SJC4ZZ;0SJ;0;rare_sec_0;seccion_rare;3;7;9118
B2181ZZ;B21;B;B21;categoria_3_char;8;644;1410
0T770DZ;0T7;0;0T7;categoria_3_char;1;85;9118
0TB70ZZ;0TB;0;0TB;categoria_3_char;1;153;9118
0TC70ZZ;0TC;0;0TC;categoria_3_char;1;35;9118
0PRJ0KZ;0PR;0;rare_sec_0;seccion_rare;1;7;9118
0SG10AJ;0SG;0;0SG;categoria_3_char;1;99;9118
0UL70CZ;0UL;0;rare_sec_0;seccion_rare;2;16;9118
0QS404Z;0QS;0;0QS;categoria_3_char;1;304;9118
0SRR01A;0SR;0;0SR;categoria_3_char;2;525;9118
0T9C80Z;0T9;0;0T9;categoria_3_char;1;327;9118
00940ZZ;009;0;009;categoria_3_char;4;99;9118
0T9180Z;0T9;0;0T9;categoria_3_char;4;327;9118
05PYX3Z;05P;0;rare_sec_0;seccion_rare;5;19;9118
0QHG3BZ;0QH;0;rare_sec_0;seccion_rare;1;13;9118
0QPG35Z;0QP;0;0QP;categoria_3_char;3;78;9118
0QSG34Z;0QS;0;0QS;categoria_3_char;2;304;9118
0QSG36Z;0QS;0;0QS;categoria_3_char;4;304;9118
0QSGXZZ;0QS;0;0QS;categoria_3_char;1;304;9118
0QSJXZZ;0QS;0;0QS;categoria_3_char;1;304;9118
0T9080Z;0T9;0;0T9;categoria_3_char;8;327;9118
0SJG0ZZ;0SJ;0;rare_sec_0;seccion_rare;1;7;9118
0QS034Z;0QS;0;0QS;categoria_3_char;2;304;9118
0UBC7ZZ;0UB;0;0UB;categoria_3_char;3;58;9118
0UPD4HZ;0UP;0;rare_sec_0;seccion_rare;2;12;9118
07B50ZX;07B;0;07B50ZX;codigo_completo;18;172;9118
0TQ14ZZ;0TQ;0;rare_sec_0;seccion_rare;1;11;9118
0QH736Z;0QH;0;rare_sec_0;seccion_rare;1;13;9118
0D5H8ZZ;0D5;0;0D5;categoria_3_char;3;36;9118
0DC18ZZ;0DC;0;0DC;categoria_3_char;1;20;9118
0HB7XZZ;0HB;0;0HB;categoria_3_char;4;206;9118
0VQT0ZZ;0VQ;0;rare_sec_0;seccion_rare;2;10;9118
0PSC36Z;0PS;0;0PS;categoria_3_char;5;181;9118
0D5E8ZZ;0D5;0;0D5;categoria_3_char;4;36;9118
00QT0ZZ;00Q;0;rare_sec_0;seccion_rare;2;6;9118
01NR0ZZ;01N;0;01N;categoria_3_char;2;89;9118
0P8J0ZZ;0P8;0;rare_sec_0;seccion_rare;1;2;9118
0PHJ04Z;0PH;0;rare_sec_0;seccion_rare;2;6;9118
07B60ZX;07B;0;07B60ZX;codigo_completo;19;172;9118
0CB80ZZ;0CB;0;0CB;categoria_3_char;4;39;9118
0HB0XZZ;0HB;0;0HB;categoria_3_char;2;206;9118
0SG30A0;0SG;0;0SG;categoria_3_char;4;99;9118
07B80ZZ;07B;0;07B;categoria_3_char;3;172;9118
0GT30ZZ;0GT;0;0GT;categoria_3_char;1;117;9118
0TT00ZZ;0TT;0;0TT;categoria_3_char;3;45;9118
0UT54ZZ;0UT;0;0UT54ZZ;codigo_completo;14;195;9118
0D5K8ZZ;0D5;0;0D5;categoria_3_char;5;36;9118
0CBH0ZZ;0CB;0;0CB;categoria_3_char;1;39;9118
B2171ZZ;B21;B;B21;categoria_3_char;5;644;1410
0DBA0ZZ;0DB;0;0DB;categoria_3_char;2;882;9118
0DHA3UZ;0DH;0;0DH;categoria_3_char;3;271;9118
0DT90ZZ;0DT;0;0DT;categoria_3_char;3;221;9118
02RF3JZ;02R;0;02R;categoria_3_char;6;75;9118
07BB3ZX;07B;0;07B;categoria_3_char;2;172;9118
0D798DZ;0D7;0;0D7;categoria_3_char;1;20;9118
BF181ZZ;BF1;B;BF1;categoria_3_char;1;87;1410
00970ZZ;009;0;009;categoria_3_char;2;99;9118
0B9F8ZX;0B9;0;0B9;categoria_3_char;3;111;9118
0BB18ZX;0BB;0;0BB;categoria_3_char;1;91;9118
0JH83VZ;0JH;0;0JH;categoria_3_char;3;219;9118
DB022ZZ;DB0;D;rare_sec_D;seccion_rare;1;5;33
0HBDXZZ;0HB;0;0HB;categoria_3_char;2;206;9118
0HRFX73;0HR;0;0HR;categoria_3_char;3;92;9118
3E0G7GC;3E0;3;3E0;categoria_3_char;2;1527;2182
02WA3MZ;02W;0;rare_sec_0;seccion_rare;2;2;9118
2Y41X5Z;2Y4;2;rare_sec_2;seccion_rare;4;4;53
BF13YZZ;BF1;B;BF1;categoria_3_char;2;87;1410
0SSDXZZ;0SS;0;rare_sec_0;seccion_rare;1;13;9118
0B917ZZ;0B9;0;0B9;categoria_3_char;1;111;9118
03VG3DZ;03V;0;rare_sec_0;seccion_rare;2;5;9118
0LQT0ZZ;0LQ;0;0LQ;categoria_3_char;6;45;9118
041L09N;041;0;041;categoria_3_char;2;123;9118
6A551ZV;6A5;6;rare_sec_6;seccion_rare;1;7;72
0Y6U0Z2;0Y6;0;0Y6;categoria_3_char;3;66;9118
3E0234Z;3E0;3;3E0;categoria_3_char;6;1527;2182
09J7XZZ;09J;0;rare_sec_0;seccion_rare;1;2;9118
0SBN0ZZ;0SB;0;0SB;categoria_3_char;1;232;9118
0YQ60ZZ;0YQ;0;rare_sec_0;seccion_rare;1;16;9118
0MB34ZZ;0MB;0;0MB;categoria_3_char;1;33;9118
0RNL4ZZ;0RN;0;rare_sec_0;seccion_rare;1;12;9118
047A3DZ;047;0;047;categoria_3_char;6;164;9118
B215YZZ;B21;B;B21;categoria_3_char;6;644;1410
BU46ZZZ;BU4;B;rare_sec_B;seccion_rare;1;1;1410
00HU33Z;00H;0;rare_sec_0;seccion_rare;2;4;9118
0F7D8DZ;0F7;0;0F7D8DZ;codigo_completo;16;61;9118
0F988ZX;0F9;0;0F9;categoria_3_char;1;46;9118
0FC58ZZ;0FC;0;0FC;categoria_3_char;1;63;9118
0FC68ZZ;0FC;0;0FC;categoria_3_char;1;63;9118
0JH73VZ;0JH;0;0JH;categoria_3_char;1;219;9118
3E013NZ;3E0;3;3E0;categoria_3_char;2;1527;2182
3E0R3NZ;3E0;3;3E0;categoria_3_char;2;1527;2182
BF131ZZ;BF1;B;BF1;categoria_3_char;3;87;1410
BR29ZZZ;BR2;B;rare_sec_B;seccion_rare;1;1;1410
0UT5FZZ;0UT;0;0UT;categoria_3_char;1;195;9118
07BB0ZX;07B;0;07B;categoria_3_char;2;172;9118
0QWP07Z;0QW;0;rare_sec_0;seccion_rare;1;2;9118
0J9800Z;0J9;0;0J9;categoria_3_char;2;38;9118
0TP980Z;0TP;0;0TP980Z;codigo_completo;14;57;9118
0DBH4ZZ;0DB;0;0DB;categoria_3_char;2;882;9118
0UT60ZZ;0UT;0;0UT;categoria_3_char;1;195;9118
0YB50ZZ;0YB;0;rare_sec_0;seccion_rare;2;7;9118
0YB60ZZ;0YB;0;rare_sec_0;seccion_rare;1;7;9118
0Y6W0Z2;0Y6;0;0Y6;categoria_3_char;1;66;9118
0RR30JZ;0RR;0;0RR;categoria_3_char;6;45;9118
0U5C7ZZ;0U5;0;rare_sec_0;seccion_rare;1;7;9118
0TT14ZZ;0TT;0;0TT;categoria_3_char;2;45;9118
02H732Z;02H;0;02H;categoria_3_char;1;237;9118
B24CZZ4;B24;B;B24;categoria_3_char;2;347;1410
02553ZZ;025;0;025;categoria_3_char;6;83;9118
0SRB01A;0SR;0;0SR;categoria_3_char;1;525;9118
0QP604Z;0QP;0;0QP;categoria_3_char;2;78;9118
0LB70ZZ;0LB;0;0LB;categoria_3_char;3;83;9118
0RUQ07Z;0RU;0;rare_sec_0;seccion_rare;1;3;9118
047N3Z1;047;0;047;categoria_3_char;3;164;9118
0GT34ZZ;0GT;0;0GT;categoria_3_char;2;117;9118
0TT04ZZ;0TT;0;0TT;categoria_3_char;8;45;9118
0V907ZX;0V9;0;rare_sec_0;seccion_rare;1;4;9118
02Q50ZZ;02Q;0;rare_sec_0;seccion_rare;1;6;9118
041L0KL;041;0;041;categoria_3_char;1;123;9118
0SRB039;0SR;0;0SR;categoria_3_char;5;525;9118
01N40ZZ;01N;0;01N;categoria_3_char;3;89;9118
01S40ZZ;01S;0;rare_sec_0;seccion_rare;1;1;9118
DP092ZZ;DP0;D;rare_sec_D;seccion_rare;1;10;33
0JNP3ZZ;0JN;0;rare_sec_0;seccion_rare;1;1;9118
00B20ZZ;00B;0;00B;categoria_3_char;1;30;9118
0LML0ZZ;0LM;0;rare_sec_0;seccion_rare;1;19;9118
0MBL0ZZ;0MB;0;0MB;categoria_3_char;4;33;9118
0GTG0ZZ;0GT;0;0GT;categoria_3_char;6;117;9118
03VG0CZ;03V;0;rare_sec_0;seccion_rare;3;5;9118
041J0JJ;041;0;041;categoria_3_char;3;123;9118
04SL0ZZ;04S;0;rare_sec_0;seccion_rare;2;2;9118
0T913ZX;0T9;0;0T9;categoria_3_char;1;327;9118
0BTJ4ZZ;0BT;0;0BT;categoria_3_char;4;20;9118
047K341;047;0;047;categoria_3_char;1;164;9118
047L3DZ;047;0;047L3DZ;codigo_completo;10;164;9118
0PPD34Z;0PP;0;rare_sec_0;seccion_rare;1;18;9118
07TM4ZZ;07T;0;07T;categoria_3_char;1;91;9118
047M3DZ;047;0;047;categoria_3_char;1;164;9118
0Q8M0ZZ;0Q8;0;0Q8;categoria_3_char;1;50;9118
0F9D30Z;0F9;0;0F9;categoria_3_char;1;46;9118
0F9D80Z;0F9;0;0F9;categoria_3_char;1;46;9118
0FCD8ZZ;0FC;0;0FC;categoria_3_char;3;63;9118
0FPD80Z;0FP;0;0FP;categoria_3_char;1;23;9118
0VBTXZZ;0VB;0;0VB;categoria_3_char;1;93;9118
0DH58DZ;0DH;0;0DH;categoria_3_char;5;271;9118
0WH80YZ;0WH;0;rare_sec_0;seccion_rare;1;5;9118
3E0636Z;3E0;3;3E0;categoria_3_char;2;1527;2182
0C9P0ZX;0C9;0;rare_sec_0;seccion_rare;1;8;9118
0DQ60ZZ;0DQ;0;0DQ;categoria_3_char;2;49;9118
0W9H0ZZ;0W9;0;0W9;categoria_3_char;1;291;9118
0CBJ3ZX;0CB;0;0CB;categoria_3_char;2;39;9118
0HBFXZZ;0HB;0;0HB;categoria_3_char;3;206;9118
07BC4ZX;07B;0;07B;categoria_3_char;7;172;9118
07BD4ZX;07B;0;07B;categoria_3_char;4;172;9118
0US24ZZ;0US;0;rare_sec_0;seccion_rare;1;5;9118
0UPD0DZ;0UP;0;rare_sec_0;seccion_rare;1;12;9118
0PSB04Z;0PS;0;0PS;categoria_3_char;2;181;9118
0UT27ZZ;0UT;0;0UT;categoria_3_char;2;195;9118
B42H1ZZ;B42;B;rare_sec_B;seccion_rare;2;8;1410
0DV44DZ;0DV;0;0DV;categoria_3_char;2;39;9118
0HX6XZZ;0HX;0;rare_sec_0;seccion_rare;1;11;9118
0NUT0JZ;0NU;0;rare_sec_0;seccion_rare;1;3;9118
0HXNXZZ;0HX;0;rare_sec_0;seccion_rare;1;11;9118
0PSKXZZ;0PS;0;0PS;categoria_3_char;5;181;9118
0DQ48ZZ;0DQ;0;0DQ;categoria_3_char;1;49;9118
0YQA0ZZ;0YQ;0;rare_sec_0;seccion_rare;6;16;9118
0RG63J1;0RG;0;0RG;categoria_3_char;1;108;9118
0RGA3J1;0RG;0;0RG;categoria_3_char;2;108;9118
0J9L0ZZ;0J9;0;0J9;categoria_3_char;4;38;9118
09Q1XZZ;09Q;0;09Q;categoria_3_char;1;94;9118
00BC0ZX;00B;0;00B;categoria_3_char;1;30;9118
01B80ZZ;01B;0;rare_sec_0;seccion_rare;1;5;9118
0SG107J;0SG;0;0SG;categoria_3_char;3;99;9118
0HRDXK4;0HR;0;0HR;categoria_3_char;2;92;9118
0RWJXJZ;0RW;0;rare_sec_0;seccion_rare;2;5;9118
0QSD04Z;0QS;0;0QS;categoria_3_char;3;304;9118
B2011ZZ;B20;B;rare_sec_B;seccion_rare;1;15;1410
0DJ07ZZ;0DJ;0;0DJ;categoria_3_char;1;529;9118
0PQ10ZZ;0PQ;0;rare_sec_0;seccion_rare;1;7;9118
0PQ20ZZ;0PQ;0;rare_sec_0;seccion_rare;1;7;9118
0PS004Z;0PS;0;0PS;categoria_3_char;1;181;9118
0H99X0Z;0H9;0;0H9;categoria_3_char;1;28;9118
0D150ZA;0D1;0;0D1;categoria_3_char;1;166;9118
0DT60ZZ;0DT;0;0DT;categoria_3_char;4;221;9118
0TPB30Z;0TP;0;0TP;categoria_3_char;1;57;9118
02BN4ZX;02B;0;rare_sec_0;seccion_rare;1;4;9118
0W9840Z;0W9;0;0W9;categoria_3_char;4;291;9118
0W9D4ZZ;0W9;0;0W9;categoria_3_char;2;291;9118
3E0337Z;3E0;3;3E0;categoria_3_char;5;1527;2182
0BBG4ZZ;0BB;0;0BB;categoria_3_char;3;91;9118
0W9940Z;0W9;0;0W9;categoria_3_char;3;291;9118
0HDRXZZ;0HD;0;rare_sec_0;seccion_rare;2;11;9118
0SRS039;0SR;0;0SR;categoria_3_char;2;525;9118
0D9Q0ZZ;0D9;0;0D9;categoria_3_char;2;104;9118
0QS634Z;0QS;0;0QS634Z;codigo_completo;12;304;9118
0H90XZZ;0H9;0;0H9;categoria_3_char;1;28;9118
0QSC04Z;0QS;0;0QS;categoria_3_char;5;304;9118
2W3BX3Z;2W3;2;2W3;categoria_3_char;1;26;53
0RG1070;0RG;0;0RG;categoria_3_char;4;108;9118
01BH0ZX;01B;0;rare_sec_0;seccion_rare;2;5;9118
0KBS0ZX;0KB;0;rare_sec_0;seccion_rare;2;11;9118
07963ZX;079;0;rare_sec_0;seccion_rare;2;17;9118
09Q50ZZ;09Q;0;09Q;categoria_3_char;2;94;9118
0BTG4ZZ;0BT;0;0BT;categoria_3_char;4;20;9118
0JPT03Z;0JP;0;0JP;categoria_3_char;2;48;9118
04CC0ZZ;04C;0;04C;categoria_3_char;1;26;9118
04CD0ZZ;04C;0;04C;categoria_3_char;2;26;9118
087X7DZ;087;0;rare_sec_0;seccion_rare;1;1;9118
0D20X0Z;0D2;0;rare_sec_0;seccion_rare;1;6;9118
0U9MXZZ;0U9;0;rare_sec_0;seccion_rare;1;12;9118
0J9M0ZZ;0J9;0;0J9;categoria_3_char;1;38;9118
0JJV0ZZ;0JJ;0;rare_sec_0;seccion_rare;1;1;9118
0B948ZX;0B9;0;0B9;categoria_3_char;6;111;9118
0B9G8ZX;0B9;0;0B9;categoria_3_char;2;111;9118
3E05329;3E0;3;3E0;categoria_3_char;1;1527;2182
05HM03Z;05H;0;05H;categoria_3_char;4;350;9118
0DH642Z;0DH;0;0DH;categoria_3_char;1;271;9118
0DH643Z;0DH;0;0DH;categoria_3_char;1;271;9118
0HRKX73;0HR;0;0HR;categoria_3_char;3;92;9118
0DTS0ZZ;0DT;0;0DT;categoria_3_char;3;221;9118
0B9J40Z;0B9;0;0B9;categoria_3_char;1;111;9118
D020DZZ;D02;D;rare_sec_D;seccion_rare;1;1;33
DH091ZZ;DH0;D;rare_sec_D;seccion_rare;1;1;33
069Y3ZZ;069;0;rare_sec_0;seccion_rare;1;2;9118
0D568ZZ;0D5;0;0D5;categoria_3_char;4;36;9118
03170ZD;031;0;031;categoria_3_char;2;21;9118
047K3ZZ;047;0;047;categoria_3_char;6;164;9118
0T1807C;0T1;0;rare_sec_0;seccion_rare;3;13;9118
0PB14ZZ;0PB;0;0PB;categoria_3_char;1;23;9118
0FBC8ZZ;0FB;0;0FB;categoria_3_char;2;89;9118
3E1P38Z;3E1;3;3E1;categoria_3_char;2;63;2182
09UK0JZ;09U;0;rare_sec_0;seccion_rare;1;18;9118
4A123FZ;4A1;4;4A1;categoria_3_char;1;1367;2157
BT43ZZZ;BT4;B;rare_sec_B;seccion_rare;1;1;1410
0DTK4ZZ;0DT;0;0DT;categoria_3_char;1;221;9118
0DTL4ZZ;0DT;0;0DT;categoria_3_char;1;221;9118
0DTM4ZZ;0DT;0;0DT;categoria_3_char;1;221;9118
0DTS4ZZ;0DT;0;0DT;categoria_3_char;1;221;9118
0HB3XZZ;0HB;0;0HB;categoria_3_char;3;206;9118
0HX3XZZ;0HX;0;rare_sec_0;seccion_rare;1;11;9118
0VB03ZX;0VB;0;0VB;categoria_3_char;1;93;9118
0PS334Z;0PS;0;0PS;categoria_3_char;2;181;9118
0DW68UZ;0DW;0;rare_sec_0;seccion_rare;1;13;9118
05HB03Z;05H;0;05H;categoria_3_char;1;350;9118
DBY07ZZ;DBY;D;rare_sec_D;seccion_rare;2;3;33
0TPB00Z;0TP;0;0TP;categoria_3_char;1;57;9118
0WJG0ZZ;0WJ;0;0WJ;categoria_3_char;3;34;9118
047V3ZZ;047;0;047;categoria_3_char;1;164;9118
0QBL0ZX;0QB;0;0QB;categoria_3_char;1;187;9118
0Y6M0Z0;0Y6;0;0Y6;categoria_3_char;1;66;9118
0PSL04Z;0PS;0;0PS;categoria_3_char;9;181;9118
0UBGXZX;0UB;0;0UB;categoria_3_char;1;58;9118
2W38XYZ;2W3;2;2W3;categoria_3_char;1;26;53
0TPB70Z;0TP;0;0TP;categoria_3_char;4;57;9118
0RSJX4Z;0RS;0;rare_sec_0;seccion_rare;1;15;9118
095KXZZ;095;0;095;categoria_3_char;2;40;9118
0HRMXK4;0HR;0;0HR;categoria_3_char;3;92;9118
0HRNXK4;0HR;0;0HR;categoria_3_char;2;92;9118
3E0437Z;3E0;3;3E0;categoria_3_char;2;1527;2182
0D748ZZ;0D7;0;0D7;categoria_3_char;1;20;9118
0BTL4ZZ;0BT;0;0BT;categoria_3_char;1;20;9118
041K09Q;041;0;041;categoria_3_char;2;123;9118
06LY0CC;06L;0;rare_sec_0;seccion_rare;1;13;9118
0UJ34ZZ;0UJ;0;rare_sec_0;seccion_rare;1;13;9118
0UJ84ZZ;0UJ;0;rare_sec_0;seccion_rare;1;13;9118
0UJD4ZZ;0UJ;0;rare_sec_0;seccion_rare;3;13;9118
0UJD8ZZ;0UJ;0;rare_sec_0;seccion_rare;2;13;9118
3E0P8KZ;3E0;3;3E0;categoria_3_char;1;1527;2182
0DL88DZ;0DL;0;rare_sec_0;seccion_rare;1;8;9118
0PPD04Z;0PP;0;rare_sec_0;seccion_rare;3;18;9118
0QSG06Z;0QS;0;0QS;categoria_3_char;4;304;9118
0SG307J;0SG;0;0SG;categoria_3_char;3;99;9118
0QHP04Z;0QH;0;rare_sec_0;seccion_rare;1;13;9118
0QHR04Z;0QH;0;rare_sec_0;seccion_rare;1;13;9118
0RQH4ZZ;0RQ;0;rare_sec_0;seccion_rare;1;9;9118
0VSB0ZZ;0VS;0;rare_sec_0;seccion_rare;4;7;9118
0HBU0ZX;0HB;0;0HB;categoria_3_char;1;206;9118
0T7D8ZZ;0T7;0;0T7;categoria_3_char;6;85;9118
041K0JJ;041;0;041;categoria_3_char;5;123;9118
041L0JN;041;0;041;categoria_3_char;2;123;9118
3E1038Z;3E1;3;3E1;categoria_3_char;3;63;2182
0RRK0J6;0RR;0;0RR;categoria_3_char;2;45;9118
079T3ZX;079;0;rare_sec_0;seccion_rare;3;17;9118
0TB03ZX;0TB;0;0TB;categoria_3_char;6;153;9118
0B9H8ZX;0B9;0;0B9;categoria_3_char;3;111;9118
0D9QXZZ;0D9;0;0D9;categoria_3_char;2;104;9118
B2051ZZ;B20;B;B2051ZZ;codigo_completo;14;15;1410
0TC68ZZ;0TC;0;0TC;categoria_3_char;4;35;9118
06DP0ZZ;06D;0;rare_sec_0;seccion_rare;1;3;9118
0T9430Z;0T9;0;0T9;categoria_3_char;4;327;9118
0TC14ZZ;0TC;0;0TC;categoria_3_char;1;35;9118
0H0T07Z;0H0;0;rare_sec_0;seccion_rare;1;5;9118
0LNV0ZZ;0LN;0;rare_sec_0;seccion_rare;1;5;9118
0BB58ZX;0BB;0;0BB;categoria_3_char;7;91;9118
0UT14ZZ;0UT;0;0UT;categoria_3_char;5;195;9118
02RF4JZ;02R;0;02R;categoria_3_char;1;75;9118
0DBQ0ZZ;0DB;0;0DB;categoria_3_char;9;882;9118
0VB08ZX;0VB;0;0VB;categoria_3_char;2;93;9118
0UBC8ZX;0UB;0;0UB;categoria_3_char;1;58;9118
0UDB8ZX;0UD;0;rare_sec_0;seccion_rare;3;6;9118
0FBC8ZX;0FB;0;0FB;categoria_3_char;4;89;9118
0QSG35Z;0QS;0;0QS;categoria_3_char;2;304;9118
0QSJ35Z;0QS;0;0QS;categoria_3_char;2;304;9118
2W35XYZ;2W3;2;2W3;categoria_3_char;4;26;53
5A0945Z;5A0;5;5A0;categoria_3_char;2;446;953
00UT07Z;00U;0;rare_sec_0;seccion_rare;2;2;9118
0FB98ZX;0FB;0;0FB;categoria_3_char;8;89;9118
0UT98ZZ;0UT;0;0UT;categoria_3_char;3;195;9118
0UTC8ZZ;0UT;0;0UT;categoria_3_char;4;195;9118
0DB78ZZ;0DB;0;0DB;categoria_3_char;2;882;9118
5A09459;5A0;5;5A0;categoria_3_char;1;446;953
0T773DZ;0T7;0;0T7;categoria_3_char;1;85;9118
06L80ZZ;06L;0;rare_sec_0;seccion_rare;1;13;9118
3E0K8GC;3E0;3;3E0;categoria_3_char;1;1527;2182
0Y6Y0Z1;0Y6;0;0Y6;categoria_3_char;1;66;9118
0DHA8DZ;0DH;0;0DH;categoria_3_char;2;271;9118
0DB64ZZ;0DB;0;0DB;categoria_3_char;4;882;9118
0VB50ZZ;0VB;0;0VB;categoria_3_char;1;93;9118
0UP84CZ;0UP;0;rare_sec_0;seccion_rare;2;12;9118
047L341;047;0;047;categoria_3_char;2;164;9118
0HRT075;0HR;0;0HR;categoria_3_char;1;92;9118
0DH68DZ;0DH;0;0DH;categoria_3_char;1;271;9118
0SG00J1;0SG;0;0SG;categoria_3_char;1;99;9118
047K3D1;047;0;047;categoria_3_char;2;164;9118
0SQD4ZZ;0SQ;0;0SQ;categoria_3_char;3;22;9118
0JBB0ZZ;0JB;0;0JB;categoria_3_char;2;103;9118
0HQ3XZZ;0HQ;0;0HQ;categoria_3_char;1;102;9118
027036Z;027;0;027;categoria_3_char;2;299;9118
0F998ZZ;0F9;0;0F998ZZ;codigo_completo;15;46;9118
0DBA4ZZ;0DB;0;0DB;categoria_3_char;1;882;9118
0UPD7HZ;0UP;0;rare_sec_0;seccion_rare;3;12;9118
02130AW;021;0;021;categoria_3_char;2;120;9118
0SSBXZZ;0SS;0;rare_sec_0;seccion_rare;6;13;9118
0D9640Z;0D9;0;0D9;categoria_3_char;1;104;9118
0HB2XZX;0HB;0;0HB;categoria_3_char;1;206;9118
0QB90ZX;0QB;0;0QB;categoria_3_char;1;187;9118
06HY33Z;06H;0;06H;categoria_3_char;4;27;9118
B241ZZ4;B24;B;B24;categoria_3_char;1;347;1410
0YBD0ZX;0YB;0;rare_sec_0;seccion_rare;1;7;9118
0YQD0ZZ;0YQ;0;rare_sec_0;seccion_rare;1;16;9118
BR37ZZZ;BR3;B;rare_sec_B;seccion_rare;1;3;1410
BR39ZZZ;BR3;B;rare_sec_B;seccion_rare;1;3;1410
0UBF4ZX;0UB;0;0UB;categoria_3_char;1;58;9118
0UBG7ZX;0UB;0;0UB;categoria_3_char;1;58;9118
0JXL0ZZ;0JX;0;rare_sec_0;seccion_rare;1;9;9118
049K3ZZ;049;0;rare_sec_0;seccion_rare;1;1;9118
0UB74ZZ;0UB;0;0UB;categoria_3_char;2;58;9118
09BR0ZZ;09B;0;09B;categoria_3_char;2;63;9118
07924ZX;079;0;rare_sec_0;seccion_rare;1;17;9118
0DH98UZ;0DH;0;0DH;categoria_3_char;2;271;9118
BW4FZZZ;BW4;B;rare_sec_B;seccion_rare;1;3;1410
DGY57ZZ;DGY;D;rare_sec_D;seccion_rare;1;1;33
0SRU0J9;0SR;0;0SR;categoria_3_char;1;525;9118
0MUP4KZ;0MU;0;0MU;categoria_3_char;1;86;9118
0SR901A;0SR;0;0SR;categoria_3_char;1;525;9118
0SGG07Z;0SG;0;0SG;categoria_3_char;1;99;9118
0JQ60ZZ;0JQ;0;0JQ;categoria_3_char;3;40;9118
0L8J0ZZ;0L8;0;rare_sec_0;seccion_rare;1;9;9118
0L8K0ZZ;0L8;0;rare_sec_0;seccion_rare;1;9;9118
0MBM0ZZ;0MB;0;0MB;categoria_3_char;2;33;9118
047C3Z6;047;0;047;categoria_3_char;1;164;9118
047D3Z6;047;0;047;categoria_3_char;1;164;9118
0MSP4ZZ;0MS;0;rare_sec_0;seccion_rare;3;6;9118
0LXQ4ZZ;0LX;0;rare_sec_0;seccion_rare;3;12;9118
0MSN4ZZ;0MS;0;rare_sec_0;seccion_rare;3;6;9118
047C44Z;047;0;047;categoria_3_char;1;164;9118
B24DZZZ;B24;B;B24;categoria_3_char;3;347;1410
0WJJ4ZZ;0WJ;0;0WJJ4ZZ;codigo_completo;10;34;9118
B430ZZZ;B43;B;rare_sec_B;seccion_rare;1;3;1410
B43HZZZ;B43;B;rare_sec_B;seccion_rare;1;3;1410
0SRA03A;0SR;0;0SR;categoria_3_char;1;525;9118
0DJD4ZZ;0DJ;0;0DJ;categoria_3_char;3;529;9118
0T9B8ZZ;0T9;0;0T9;categoria_3_char;1;327;9118
3E0330M;3E0;3;3E0;categoria_3_char;4;1527;2182
0K9N00Z;0K9;0;rare_sec_0;seccion_rare;1;3;9118
2W3FX2Z;2W3;2;2W3;categoria_3_char;1;26;53
0GB00ZZ;0GB;0;0GB;categoria_3_char;1;20;9118
0PSC06Z;0PS;0;0PS;categoria_3_char;4;181;9118
02110Z8;021;0;021;categoria_3_char;1;120;9118
0TTD4ZZ;0TT;0;0TT;categoria_3_char;1;45;9118
031K0ZJ;031;0;031;categoria_3_char;1;21;9118
03UK0JZ;03U;0;rare_sec_0;seccion_rare;4;17;9118
0D7P8ZZ;0D7;0;0D7;categoria_3_char;1;20;9118
0T777DZ;0T7;0;0T7;categoria_3_char;1;85;9118
0TC48ZZ;0TC;0;0TC;categoria_3_char;1;35;9118
0SQN0ZZ;0SQ;0;0SQ;categoria_3_char;2;22;9118
0QPM04Z;0QP;0;0QP;categoria_3_char;1;78;9118
0SGJ0KZ;0SG;0;0SG;categoria_3_char;1;99;9118
0T760DZ;0T7;0;0T7;categoria_3_char;1;85;9118
0TB60ZZ;0TB;0;0TB;categoria_3_char;1;153;9118
0TP90DZ;0TP;0;0TP;categoria_3_char;1;57;9118
0TSB0ZZ;0TS;0;rare_sec_0;seccion_rare;1;11;9118
02563ZZ;025;0;025;categoria_3_char;6;83;9118
02573ZZ;025;0;025;categoria_3_char;5;83;9118
5A0935Z;5A0;5;5A0;categoria_3_char;4;446;953
2W35X3Z;2W3;2;2W3;categoria_3_char;2;26;53
03H833Z;03H;0;03H;categoria_3_char;6;132;9118
03JY3ZZ;03J;0;rare_sec_0;seccion_rare;1;1;9118
0HB5XZX;0HB;0;0HB;categoria_3_char;2;206;9118
0Y6U0Z1;0Y6;0;0Y6;categoria_3_char;2;66;9118
0LQQ0ZZ;0LQ;0;0LQ;categoria_3_char;2;45;9118
0PSD36Z;0PS;0;0PS;categoria_3_char;8;181;9118
0DHP7DZ;0DH;0;0DH;categoria_3_char;1;271;9118
0HR4X74;0HR;0;0HR;categoria_3_char;3;92;9118
06PY33Z;06P;0;rare_sec_0;seccion_rare;2;2;9118
0JB60ZZ;0JB;0;0JB;categoria_3_char;3;103;9118
00163J6;001;0;rare_sec_0;seccion_rare;1;8;9118
027045Z;027;0;027;categoria_3_char;2;299;9118
01BG0ZZ;01B;0;rare_sec_0;seccion_rare;1;5;9118
0L8V3ZZ;0L8;0;rare_sec_0;seccion_rare;1;9;9118
0Q8Q3ZZ;0Q8;0;0Q8;categoria_3_char;1;50;9118
0BTG0ZZ;0BT;0;0BT;categoria_3_char;1;20;9118
041D0JJ;041;0;041;categoria_3_char;3;123;9118
0HQEXZZ;0HQ;0;0HQ;categoria_3_char;5;102;9118
0SRS0JZ;0SR;0;0SR;categoria_3_char;1;525;9118
0HWPX7Z;0HW;0;rare_sec_0;seccion_rare;1;2;9118
04100JJ;041;0;041;categoria_3_char;2;123;9118
0F944ZZ;0F9;0;0F9;categoria_3_char;1;46;9118
0RPK0JZ;0RP;0;rare_sec_0;seccion_rare;1;11;9118
0QPL35Z;0QP;0;0QP;categoria_3_char;2;78;9118
0QPN35Z;0QP;0;0QP;categoria_3_char;1;78;9118
0D154J9;0D1;0;0D1;categoria_3_char;1;166;9118
0RRS0JZ;0RR;0;0RR;categoria_3_char;1;45;9118
0SG10K1;0SG;0;0SG;categoria_3_char;2;99;9118
0DB98ZZ;0DB;0;0DB;categoria_3_char;5;882;9118
0VQTXZZ;0VQ;0;rare_sec_0;seccion_rare;1;10;9118
027235Z;027;0;027;categoria_3_char;1;299;9118
02HL3JZ;02H;0;02H;categoria_3_char;6;237;9118
0DCP7ZZ;0DC;0;0DC;categoria_3_char;3;20;9118
B0201ZZ;B02;B;rare_sec_B;seccion_rare;2;2;1410
BW251ZZ;BW2;B;BW2;categoria_3_char;1;63;1410
BF111ZZ;BF1;B;BF1;categoria_3_char;1;87;1410
0Y6R0Z0;0Y6;0;0Y6;categoria_3_char;5;66;9118
0THB3LZ;0TH;0;rare_sec_0;seccion_rare;1;4;9118
027134Z;027;0;027;categoria_3_char;3;299;9118
0SR90JZ;0SR;0;0SR;categoria_3_char;2;525;9118
BF40ZZZ;BF4;B;BF4;categoria_3_char;4;61;1410
0FBG3ZZ;0FB;0;0FB;categoria_3_char;1;89;9118
0W33XZZ;0W3;0;0W3;categoria_3_char;2;60;9118
05BM0ZZ;05B;0;rare_sec_0;seccion_rare;1;1;9118
07B20ZZ;07B;0;07B;categoria_3_char;4;172;9118
0CTM0ZZ;0CT;0;0CT;categoria_3_char;2;44;9118
0KXJ0Z0;0KX;0;rare_sec_0;seccion_rare;1;9;9118
0L824ZZ;0L8;0;rare_sec_0;seccion_rare;3;9;9118
0M524ZZ;0M5;0;rare_sec_0;seccion_rare;2;3;9118
0WB60ZZ;0WB;0;rare_sec_0;seccion_rare;1;14;9118
5A05121;5A0;5;5A0;categoria_3_char;1;446;953
03LG0ZZ;03L;0;rare_sec_0;seccion_rare;1;2;9118
0W310ZZ;0W3;0;0W3;categoria_3_char;1;60;9118
0W983ZZ;0W9;0;0W9;categoria_3_char;3;291;9118
0UBMXZZ;0UB;0;0UB;categoria_3_char;5;58;9118
07TH0ZZ;07T;0;07T;categoria_3_char;2;91;9118
0D9870Z;0D9;0;0D9;categoria_3_char;1;104;9118
09BB0ZZ;09B;0;09B;categoria_3_char;1;63;9118
09U50KZ;09U;0;rare_sec_0;seccion_rare;1;18;9118
07B74ZX;07B;0;07B;categoria_3_char;6;172;9118
0YP90JZ;0YP;0;rare_sec_0;seccion_rare;1;1;9118
00NC0ZZ;00N;0;00N;categoria_3_char;1;89;9118
09QL8ZZ;09Q;0;09Q;categoria_3_char;1;94;9118
0W9G4ZX;0W9;0;0W9;categoria_3_char;1;291;9118
BF100ZZ;BF1;B;BF1;categoria_3_char;4;87;1410
0B588ZZ;0B5;0;rare_sec_0;seccion_rare;1;4;9118
02U53JZ;02U;0;rare_sec_0;seccion_rare;1;15;9118
0DN94ZZ;0DN;0;0DN;categoria_3_char;1;28;9118
0DNA4ZZ;0DN;0;0DN;categoria_3_char;1;28;9118
07BJ0ZX;07B;0;07B;categoria_3_char;3;172;9118
04H033Z;04H;0;04H;categoria_3_char;1;27;9118
0B9J8ZX;0B9;0;0B9;categoria_3_char;2;111;9118
0PPH34Z;0PP;0;rare_sec_0;seccion_rare;1;18;9118
0T9D7ZZ;0T9;0;0T9;categoria_3_char;2;327;9118
07BJ0ZZ;07B;0;07B;categoria_3_char;3;172;9118
0W337ZZ;0W3;0;0W3;categoria_3_char;2;60;9118
0DBE8ZZ;0DB;0;0DB;categoria_3_char;1;882;9118
0LMQ0ZZ;0LM;0;rare_sec_0;seccion_rare;1;19;9118
0QBD0ZZ;0QB;0;0QB;categoria_3_char;1;187;9118
0SGJ07Z;0SG;0;0SG;categoria_3_char;1;99;9118
0TBC8ZZ;0TB;0;0TB;categoria_3_char;4;153;9118
0BBC4ZX;0BB;0;0BB;categoria_3_char;1;91;9118
0BBF4ZX;0BB;0;0BB;categoria_3_char;2;91;9118
0W994ZX;0W9;0;0W9;categoria_3_char;2;291;9118
0DBT4ZX;0DB;0;0DB;categoria_3_char;1;882;9118
0UB10ZZ;0UB;0;0UB;categoria_3_char;1;58;9118
0GB04ZZ;0GB;0;0GB;categoria_3_char;1;20;9118
0TF68ZZ;0TF;0;rare_sec_0;seccion_rare;1;19;9118
0SB30ZZ;0SB;0;0SB;categoria_3_char;3;232;9118
047C3ZZ;047;0;047;categoria_3_char;4;164;9118
037J3DZ;037;0;rare_sec_0;seccion_rare;1;9;9118
0PSLXZZ;0PS;0;0PS;categoria_3_char;5;181;9118
0Y9H0ZZ;0Y9;0;rare_sec_0;seccion_rare;1;6;9118
0BBG8ZX;0BB;0;0BB;categoria_3_char;4;91;9118
0DQ84ZZ;0DQ;0;0DQ;categoria_3_char;1;49;9118
0RG70J1;0RG;0;0RG;categoria_3_char;1;108;9118
07BD3ZX;07B;0;07B;categoria_3_char;1;172;9118
0FB93ZX;0FB;0;0FB;categoria_3_char;1;89;9118
04V04D6;04V;0;04V;categoria_3_char;1;30;9118
02HK0KZ;02H;0;02H;categoria_3_char;1;237;9118
0SQD0ZZ;0SQ;0;0SQ;categoria_3_char;1;22;9118
0D9W3ZX;0D9;0;0D9;categoria_3_char;1;104;9118
D0001ZZ;D00;D;rare_sec_D;seccion_rare;2;4;33
DP041ZZ;DP0;D;rare_sec_D;seccion_rare;1;10;33
0T938ZX;0T9;0;0T9;categoria_3_char;1;327;9118
0QPF04Z;0QP;0;0QP;categoria_3_char;1;78;9118
0QB33ZZ;0QB;0;0QB;categoria_3_char;4;187;9118
3E0J705;3E0;3;3E0;categoria_3_char;1;1527;2182
B316ZZZ;B31;B;B31;categoria_3_char;2;48;1410
BD11YZZ;BD1;B;rare_sec_B;seccion_rare;1;2;1410
BD12YZZ;BD1;B;rare_sec_B;seccion_rare;1;2;1410
0SRS03A;0SR;0;0SR;categoria_3_char;1;525;9118
0FC94ZZ;0FC;0;0FC;categoria_3_char;2;63;9118
0QSH34Z;0QS;0;0QS;categoria_3_char;2;304;9118
2W3AX2Z;2W3;2;2W3;categoria_3_char;1;26;53
0XQRXZZ;0XQ;0;rare_sec_0;seccion_rare;1;1;9118
0B914ZZ;0B9;0;0B9;categoria_3_char;1;111;9118
0DBE0ZZ;0DB;0;0DB;categoria_3_char;2;882;9118
0KCG0ZZ;0KC;0;rare_sec_0;seccion_rare;1;3;9118
06LY4ZC;06L;0;rare_sec_0;seccion_rare;1;13;9118
0KXG0Z2;0KX;0;rare_sec_0;seccion_rare;1;9;9118
0LM10ZZ;0LM;0;rare_sec_0;seccion_rare;1;19;9118
0MB10ZZ;0MB;0;0MB;categoria_3_char;1;33;9118
0LXS4ZZ;0LX;0;rare_sec_0;seccion_rare;1;12;9118
047H356;047;0;047;categoria_3_char;1;164;9118
047J34Z;047;0;047;categoria_3_char;2;164;9118
0D1N0ZP;0D1;0;0D1;categoria_3_char;1;166;9118
0DTT0ZZ;0DT;0;0DT;categoria_3_char;1;221;9118
0TN60ZZ;0TN;0;rare_sec_0;seccion_rare;1;3;9118
0TN70ZZ;0TN;0;rare_sec_0;seccion_rare;1;3;9118
041K0JQ;041;0;041;categoria_3_char;1;123;9118
0QB53ZZ;0QB;0;0QB;categoria_3_char;1;187;9118
0YU74JZ;0YU;0;0YU;categoria_3_char;2;129;9118
0V903ZZ;0V9;0;rare_sec_0;seccion_rare;1;4;9118
0CB10ZX;0CB;0;0CB;categoria_3_char;1;39;9118
059Y3ZZ;059;0;rare_sec_0;seccion_rare;2;2;9118
2W3AXYZ;2W3;2;2W3;categoria_3_char;1;26;53
0D528ZZ;0D5;0;0D5;categoria_3_char;1;36;9118
0T9330Z;0T9;0;0T9;categoria_3_char;3;327;9118
0PSP34Z;0PS;0;0PS;categoria_3_char;2;181;9118
2W32XYZ;2W3;2;2W3;categoria_3_char;1;26;53
2W3AX1Z;2W3;2;2W3;categoria_3_char;1;26;53
0SP00AZ;0SP;0;0SP;categoria_3_char;2;39;9118
0LMN0ZZ;0LM;0;rare_sec_0;seccion_rare;1;19;9118
B30R1ZZ;B30;B;rare_sec_B;seccion_rare;1;2;1410
0D748DZ;0D7;0;0D7;categoria_3_char;1;20;9118
B41F0ZZ;B41;B;B41;categoria_3_char;1;39;1410
02H43MZ;02H;0;02H;categoria_3_char;1;237;9118
02HK3MZ;02H;0;02H;categoria_3_char;1;237;9118
0HPT0JZ;0HP;0;rare_sec_0;seccion_rare;1;7;9118
0HPU0JZ;0HP;0;rare_sec_0;seccion_rare;1;7;9118
0UQG0ZZ;0UQ;0;rare_sec_0;seccion_rare;5;17;9118
0GBG0ZZ;0GB;0;0GB;categoria_3_char;5;20;9118
0LMR0ZZ;0LM;0;rare_sec_0;seccion_rare;1;19;9118
0HX8XZZ;0HX;0;rare_sec_0;seccion_rare;1;11;9118
0JB93ZZ;0JB;0;0JB;categoria_3_char;1;103;9118
0CQ7XZZ;0CQ;0;rare_sec_0;seccion_rare;1;5;9118
0SG30AJ;0SG;0;0SG;categoria_3_char;2;99;9118
0MBN4ZZ;0MB;0;0MB;categoria_3_char;1;33;9118
0SRC07Z;0SR;0;0SR;categoria_3_char;1;525;9118
0QSCXZZ;0QS;0;0QS;categoria_3_char;1;304;9118
0HQQXZZ;0HQ;0;0HQ;categoria_3_char;4;102;9118
0SGH0ZZ;0SG;0;0SG;categoria_3_char;1;99;9118
089X70Z;089;0;rare_sec_0;seccion_rare;1;5;9118
089Y70Z;089;0;rare_sec_0;seccion_rare;1;5;9118
0HDNXZZ;0HD;0;rare_sec_0;seccion_rare;1;11;9118
0TF38ZZ;0TF;0;rare_sec_0;seccion_rare;2;19;9118
041E0JH;041;0;041;categoria_3_char;2;123;9118
04UK0JZ;04U;0;rare_sec_0;seccion_rare;1;6;9118
0QUC0JZ;0QU;0;rare_sec_0;seccion_rare;1;7;9118
0W9830Z;0W9;0;0W9830Z;codigo_completo;11;291;9118
0PS000Z;0PS;0;0PS;categoria_3_char;1;181;9118
0WU807Z;0WU;0;0WU;categoria_3_char;1;119;9118
0B9N40Z;0B9;0;0B9;categoria_3_char;1;111;9118
0BDN4ZZ;0BD;0;rare_sec_0;seccion_rare;4;8;9118
00Q20ZZ;00Q;0;rare_sec_0;seccion_rare;3;6;9118
0NU107Z;0NU;0;rare_sec_0;seccion_rare;1;3;9118
0NU207Z;0NU;0;rare_sec_0;seccion_rare;1;3;9118
0NUF07Z;0NU;0;rare_sec_0;seccion_rare;1;3;9118
0NUG07Z;0NU;0;rare_sec_0;seccion_rare;1;3;9118
0WU84JZ;0WU;0;0WU;categoria_3_char;1;119;9118
4A12XFZ;4A1;4;4A1;categoria_3_char;1;1367;2157
0BDP0ZZ;0BD;0;rare_sec_0;seccion_rare;1;8;9118
0FTG0ZZ;0FT;0;0FT;categoria_3_char;2;314;9118
0FF98ZZ;0FF;0;rare_sec_0;seccion_rare;1;1;9118
0S9B0ZZ;0S9;0;rare_sec_0;seccion_rare;3;18;9118
0PSG36Z;0PS;0;0PS;categoria_3_char;4;181;9118
0JBK0ZZ;0JB;0;0JB;categoria_3_char;1;103;9118
2W6NX0Z;2W6;2;rare_sec_2;seccion_rare;1;4;53
09C37ZZ;09C;0;rare_sec_0;seccion_rare;1;3;9118
09C47ZZ;09C;0;rare_sec_0;seccion_rare;1;3;9118
04PY33Z;04P;0;rare_sec_0;seccion_rare;1;3;9118
0HRFXK3;0HR;0;0HR;categoria_3_char;1;92;9118
0HRGXK3;0HR;0;0HR;categoria_3_char;1;92;9118
0HRHX73;0HR;0;0HR;categoria_3_char;1;92;9118
0HRHXK3;0HR;0;0HR;categoria_3_char;1;92;9118
0HRJX73;0HR;0;0HR;categoria_3_char;1;92;9118
0HRJXK3;0HR;0;0HR;categoria_3_char;1;92;9118
0HRKXK3;0HR;0;0HR;categoria_3_char;1;92;9118
0HRLX73;0HR;0;0HR;categoria_3_char;2;92;9118
0HRLXK3;0HR;0;0HR;categoria_3_char;1;92;9118
2W0LX4Z;2W0;2;rare_sec_2;seccion_rare;1;4;53
2W0MX4Z;2W0;2;rare_sec_2;seccion_rare;2;4;53
2W2LX4Z;2W2;2;rare_sec_2;seccion_rare;1;10;53
2W2MX4Z;2W2;2;rare_sec_2;seccion_rare;2;10;53
0SH208Z;0SH;0;rare_sec_0;seccion_rare;1;9;9118
8E0WXBZ;8E0;8;8E0;categoria_3_char;4;94;94
0TUD4JZ;0TU;0;0TU;categoria_3_char;3;25;9118
0C5PXZZ;0C5;0;rare_sec_0;seccion_rare;1;10;9118
07973ZX;079;0;rare_sec_0;seccion_rare;2;17;9118
0PNB0ZZ;0PN;0;rare_sec_0;seccion_rare;1;1;9118
0RRU0JZ;0RR;0;0RR;categoria_3_char;1;45;9118
095M4ZZ;095;0;095;categoria_3_char;1;40;9118
0QP804Z;0QP;0;0QP;categoria_3_char;4;78;9118
04100J8;041;0;041;categoria_3_char;1;123;9118
HZ89ZZZ;HZ8;H;rare_sec_H;seccion_rare;4;17;42
00BC0ZZ;00B;0;00B;categoria_3_char;2;30;9118
3E1F88X;3E1;3;3E1;categoria_3_char;3;63;2182
DBY67ZZ;DBY;D;rare_sec_D;seccion_rare;1;3;33
0HRLXK4;0HR;0;0HR;categoria_3_char;3;92;9118
001U0J6;001;0;rare_sec_0;seccion_rare;1;8;9118
0B957ZX;0B9;0;0B9;categoria_3_char;1;111;9118
0B9H7ZX;0B9;0;0B9;categoria_3_char;1;111;9118
0W9D40Z;0W9;0;0W9;categoria_3_char;1;291;9118
0F768ZZ;0F7;0;0F7;categoria_3_char;1;61;9118
0PSD04Z;0PS;0;0PS;categoria_3_char;4;181;9118
0QP004Z;0QP;0;0QP;categoria_3_char;3;78;9118
0HX0XZZ;0HX;0;rare_sec_0;seccion_rare;1;11;9118
047M3ZZ;047;0;047;categoria_3_char;1;164;9118
081X0J3;081;0;rare_sec_0;seccion_rare;1;5;9118
B31DZZZ;B31;B;B31;categoria_3_char;1;48;1410
0LQ80ZZ;0LQ;0;0LQ;categoria_3_char;2;45;9118
0D718ZZ;0D7;0;0D7;categoria_3_char;3;20;9118
0DBB4ZX;0DB;0;0DB;categoria_3_char;1;882;9118
0JH63XZ;0JH;0;0JH;categoria_3_char;2;219;9118
0JPT3XZ;0JP;0;0JP;categoria_3_char;1;48;9118
0WBH4ZX;0WB;0;rare_sec_0;seccion_rare;1;14;9118
0PSV04Z;0PS;0;0PS;categoria_3_char;2;181;9118
0DBC8ZX;0DB;0;0DB;categoria_3_char;4;882;9118
BW40ZZZ;BW4;B;rare_sec_B;seccion_rare;1;3;1410
0TBB0ZZ;0TB;0;0TB;categoria_3_char;2;153;9118
04V00D6;04V;0;04V;categoria_3_char;1;30;9118
0RNG0ZZ;0RN;0;rare_sec_0;seccion_rare;1;12;9118
0SPD0JZ;0SP;0;0SP;categoria_3_char;2;39;9118
0LM14ZZ;0LM;0;rare_sec_0;seccion_rare;2;19;9118
0LQ14ZZ;0LQ;0;0LQ;categoria_3_char;2;45;9118
0SNG4ZZ;0SN;0;rare_sec_0;seccion_rare;1;4;9118
BH3DYZZ;BH3;B;rare_sec_B;seccion_rare;1;1;1410
0JQ80ZZ;0JQ;0;0JQ;categoria_3_char;1;40;9118
047N3ZZ;047;0;047;categoria_3_char;2;164;9118
047U3ZZ;047;0;047;categoria_3_char;1;164;9118
0BB38ZX;0BB;0;0BB;categoria_3_char;5;91;9118
2W3BXYZ;2W3;2;2W3;categoria_3_char;1;26;53
07BH0ZX;07B;0;07B;categoria_3_char;4;172;9118
0D1B0ZH;0D1;0;0D1;categoria_3_char;1;166;9118
0DBH0ZX;0DB;0;0DB;categoria_3_char;1;882;9118
0HBGXZZ;0HB;0;0HB;categoria_3_char;4;206;9118
0KX10Z2;0KX;0;rare_sec_0;seccion_rare;1;9;9118
0UBM0ZZ;0UB;0;0UB;categoria_3_char;4;58;9118
0LM30ZZ;0LM;0;rare_sec_0;seccion_rare;3;19;9118
0TF78ZZ;0TF;0;rare_sec_0;seccion_rare;5;19;9118
0DT70ZZ;0DT;0;0DT;categoria_3_char;1;221;9118
B24BZZZ;B24;B;B24;categoria_3_char;2;347;1410
4A1B7GZ;4A1;4;4A1;categoria_3_char;3;1367;2157
0FBG4ZX;0FB;0;0FB;categoria_3_char;2;89;9118
0DQ64ZZ;0DQ;0;0DQ;categoria_3_char;1;49;9118
6A600ZZ;6A6;6;6A600ZZ;codigo_completo;16;32;72
0LN80ZZ;0LN;0;rare_sec_0;seccion_rare;1;5;9118
0BPQ30Z;0BP;0;rare_sec_0;seccion_rare;1;8;9118
0F150ZB;0F1;0;rare_sec_0;seccion_rare;1;1;9118
01B90ZZ;01B;0;rare_sec_0;seccion_rare;1;5;9118
04BE0ZZ;04B;0;rare_sec_0;seccion_rare;1;1;9118
061C0JY;061;0;rare_sec_0;seccion_rare;1;3;9118
06BF0ZZ;06B;0;06B;categoria_3_char;1;93;9118
06BH0ZZ;06B;0;06B;categoria_3_char;1;93;9118
0DB68Z3;0DB;0;0DB;categoria_3_char;1;882;9118
F08L5ZZ;F08;F;rare_sec_F;seccion_rare;1;2;113
0RSG04Z;0RS;0;rare_sec_0;seccion_rare;1;15;9118
0QBB3ZZ;0QB;0;0QB;categoria_3_char;1;187;9118
0USG4ZZ;0US;0;rare_sec_0;seccion_rare;2;5;9118
0CQWXZ0;0CQ;0;rare_sec_0;seccion_rare;1;5;9118
0CQXXZ0;0CQ;0;rare_sec_0;seccion_rare;1;5;9118
3E033NZ;3E0;3;3E0;categoria_3_char;5;1527;2182
0UT1FZZ;0UT;0;0UT;categoria_3_char;2;195;9118
0UT6FZZ;0UT;0;0UT;categoria_3_char;1;195;9118
047D34Z;047;0;047;categoria_3_char;2;164;9118
0J990ZZ;0J9;0;0J9;categoria_3_char;2;38;9118
047K3F6;047;0;047;categoria_3_char;1;164;9118
047L3EZ;047;0;047;categoria_3_char;2;164;9118
0KBV0ZZ;0KB;0;rare_sec_0;seccion_rare;1;11;9118
0Y6H0Z2;0Y6;0;0Y6;categoria_3_char;3;66;9118
0J9B0ZZ;0J9;0;0J9;categoria_3_char;2;38;9118
0PSF36Z;0PS;0;0PS;categoria_3_char;4;181;9118
0QPG05Z;0QP;0;0QP;categoria_3_char;2;78;9118
0QSG05Z;0QS;0;0QS;categoria_3_char;5;304;9118
3E0G73Z;3E0;3;3E0;categoria_3_char;1;1527;2182
0VB70ZZ;0VB;0;0VB;categoria_3_char;2;93;9118
0JC80ZZ;0JC;0;rare_sec_0;seccion_rare;2;8;9118
0HRDX74;0HR;0;0HR;categoria_3_char;6;92;9118
0HRFX74;0HR;0;0HR;categoria_3_char;4;92;9118
0JBG0ZZ;0JB;0;0JB;categoria_3_char;1;103;9118
0JBJ0ZZ;0JB;0;0JB;categoria_3_char;4;103;9118
0QBG3ZX;0QB;0;0QB;categoria_3_char;1;187;9118
0DBC8ZZ;0DB;0;0DB;categoria_3_char;1;882;9118
03773ZZ;037;0;rare_sec_0;seccion_rare;1;9;9118
057D3ZZ;057;0;rare_sec_0;seccion_rare;2;3;9118
0L814ZZ;0L8;0;rare_sec_0;seccion_rare;2;9;9118
0PB94ZZ;0PB;0;0PB;categoria_3_char;1;23;9118
0RQG4ZZ;0RQ;0;rare_sec_0;seccion_rare;2;9;9118
F07G3ZZ;F07;F;F07;categoria_3_char;2;112;113
0DV64DZ;0DV;0;0DV;categoria_3_char;1;39;9118
0CTW0Z0;0CT;0;0CT;categoria_3_char;2;44;9118
09BP4ZZ;09B;0;09B;categoria_3_char;1;63;9118
09BS4ZZ;09B;0;09B;categoria_3_char;1;63;9118
09BT4ZZ;09B;0;09B;categoria_3_char;1;63;9118
09BW4ZZ;09B;0;09B;categoria_3_char;1;63;9118
09BX4ZZ;09B;0;09B;categoria_3_char;1;63;9118
CP2YYZZ;CP2;C;rare_sec_C;seccion_rare;1;2;34
089D3ZZ;089;0;rare_sec_0;seccion_rare;1;5;9118
0H9AXZX;0H9;0;0H9;categoria_3_char;1;28;9118
03C83ZZ;03C;0;03C;categoria_3_char;1;48;9118
03CA3ZZ;03C;0;03C;categoria_3_char;1;48;9118
03CC3ZZ;03C;0;03C;categoria_3_char;1;48;9118
0SPB08Z;0SP;0;0SP;categoria_3_char;1;39;9118
0SRB0JZ;0SR;0;0SR;categoria_3_char;2;525;9118
0DHA0UZ;0DH;0;0DH;categoria_3_char;2;271;9118
0DQA0ZZ;0DQ;0;0DQ;categoria_3_char;1;49;9118
0F9000Z;0F9;0;0F9;categoria_3_char;1;46;9118
0QSHXZZ;0QS;0;0QS;categoria_3_char;1;304;9118
0QSKXZZ;0QS;0;0QS;categoria_3_char;1;304;9118
0QC83ZZ;0QC;0;rare_sec_0;seccion_rare;1;1;9118
BW211ZZ;BW2;B;BW2;categoria_3_char;3;63;1410
0Y6Q0Z1;0Y6;0;0Y6;categoria_3_char;1;66;9118
0PSC44Z;0PS;0;0PS;categoria_3_char;1;181;9118
0NR10JZ;0NR;0;rare_sec_0;seccion_rare;1;3;9118
0SNM0ZZ;0SN;0;rare_sec_0;seccion_rare;1;4;9118
0DLK8DZ;0DL;0;rare_sec_0;seccion_rare;2;8;9118
0DLN8DZ;0DL;0;rare_sec_0;seccion_rare;1;8;9118
0D758ZZ;0D7;0;0D7;categoria_3_char;2;20;9118
4A033B1;4A0;4;4A0;categoria_3_char;1;723;2157
0YQ80ZZ;0YQ;0;rare_sec_0;seccion_rare;1;16;9118
3E0130M;3E0;3;3E0;categoria_3_char;1;1527;2182
079100Z;079;0;rare_sec_0;seccion_rare;1;17;9118
0F9940Z;0F9;0;0F9;categoria_3_char;1;46;9118
0FPB3DZ;0FP;0;0FP;categoria_3_char;1;23;9118
079H00Z;079;0;rare_sec_0;seccion_rare;1;17;9118
09QKXZZ;09Q;0;09Q;categoria_3_char;1;94;9118
0HBLXZZ;0HB;0;0HB;categoria_3_char;7;206;9118
047K04Z;047;0;047;categoria_3_char;1;164;9118
00B10ZZ;00B;0;00B;categoria_3_char;6;30;9118
0NB10ZZ;0NB;0;0NB;categoria_3_char;1;22;9118
0UL70ZZ;0UL;0;rare_sec_0;seccion_rare;3;16;9118
0J070ZZ;0J0;0;0J0;categoria_3_char;1;20;9118
0TC18ZZ;0TC;0;0TC;categoria_3_char;2;35;9118
0PRN07Z;0PR;0;rare_sec_0;seccion_rare;1;7;9118
0TQB4ZZ;0TQ;0;rare_sec_0;seccion_rare;2;11;9118
B310YZZ;B31;B;B31;categoria_3_char;1;48;1410
B210YZZ;B21;B;B21;categoria_3_char;1;644;1410
0LBP4ZZ;0LB;0;0LB;categoria_3_char;1;83;9118
0LXP4ZZ;0LX;0;rare_sec_0;seccion_rare;1;12;9118
0D9P40Z;0D9;0;0D9;categoria_3_char;1;104;9118
0DBN4ZZ;0DB;0;0DB;categoria_3_char;6;882;9118
0DJD7ZZ;0DJ;0;0DJ;categoria_3_char;3;529;9118
3E1M38Z;3E1;3;3E1;categoria_3_char;2;63;2182
0QSF04Z;0QS;0;0QS;categoria_3_char;3;304;9118
027136Z;027;0;027;categoria_3_char;3;299;9118
10A07ZX;10A;1;rare_sec_1;seccion_rare;1;4;1060
0H9T0ZZ;0H9;0;0H9;categoria_3_char;2;28;9118
3E0536Z;3E0;3;3E0;categoria_3_char;1;1527;2182
BF141ZZ;BF1;B;BF1;categoria_3_char;3;87;1410
02RF0JZ;02R;0;02R;categoria_3_char;6;75;9118
B31P1ZZ;B31;B;B31;categoria_3_char;2;48;1410
0GBL0ZZ;0GB;0;0GB;categoria_3_char;1;20;9118
0GTP0ZZ;0GT;0;0GT;categoria_3_char;1;117;9118
047F34Z;047;0;047;categoria_3_char;1;164;9118
041L0ZJ;041;0;041;categoria_3_char;2;123;9118
0T9D8ZZ;0T9;0;0T9;categoria_3_char;1;327;9118
B41D0ZZ;B41;B;B41;categoria_3_char;1;39;1410
0W0L0ZZ;0W0;0;rare_sec_0;seccion_rare;1;12;9118
0DB54ZX;0DB;0;0DB;categoria_3_char;3;882;9118
DW011ZZ;DW0;D;rare_sec_D;seccion_rare;2;6;33
0SRB02Z;0SR;0;0SR;categoria_3_char;1;525;9118
0SRB0KZ;0SR;0;0SR;categoria_3_char;1;525;9118
05H503Z;05H;0;05H;categoria_3_char;1;350;9118
0PSJ36Z;0PS;0;0PS;categoria_3_char;1;181;9118
0F788DZ;0F7;0;0F7;categoria_3_char;1;61;9118
02110JW;021;0;021;categoria_3_char;1;120;9118
30233H1;302;3;302;categoria_3_char;1;739;2182
0TBB3ZX;0TB;0;0TB;categoria_3_char;1;153;9118
6A550Z3;6A5;6;rare_sec_6;seccion_rare;5;7;72
0PSJ3ZZ;0PS;0;0PS;categoria_3_char;1;181;9118
0QUH0KZ;0QU;0;rare_sec_0;seccion_rare;3;7;9118
0JBN0ZZ;0JB;0;0JB;categoria_3_char;1;103;9118
0JPT0JZ;0JP;0;0JP;categoria_3_char;1;48;9118
0RBN0ZZ;0RB;0;0RB;categoria_3_char;2;53;9118
3E10X8X;3E1;3;3E1;categoria_3_char;1;63;2182
0WJC4ZZ;0WJ;0;0WJ;categoria_3_char;1;34;9118
0TNC8ZZ;0TN;0;rare_sec_0;seccion_rare;1;3;9118
0SPM04Z;0SP;0;0SP;categoria_3_char;1;39;9118
0TT64ZZ;0TT;0;0TT;categoria_3_char;3;45;9118
047A34Z;047;0;047;categoria_3_char;1;164;9118
B4181ZZ;B41;B;B41;categoria_3_char;3;39;1410
0BBH4ZX;0BB;0;0BB;categoria_3_char;1;91;9118
02100AW;021;0;021;categoria_3_char;4;120;9118
BF001ZZ;BF0;B;BF0;categoria_3_char;4;139;1410
0QPH05Z;0QP;0;0QP;categoria_3_char;2;78;9118
0QSH05Z;0QS;0;0QS;categoria_3_char;2;304;9118
0RSL3ZZ;0RS;0;rare_sec_0;seccion_rare;1;15;9118
0D970ZZ;0D9;0;0D9;categoria_3_char;1;104;9118
0DQ80ZZ;0DQ;0;0DQ;categoria_3_char;2;49;9118
03CA0ZZ;03C;0;03C;categoria_3_char;1;48;9118
03CC0ZZ;03C;0;03C;categoria_3_char;1;48;9118
0U9M0ZZ;0U9;0;rare_sec_0;seccion_rare;1;12;9118
0WJF4ZZ;0WJ;0;0WJ;categoria_3_char;3;34;9118
B213YZZ;B21;B;B21;categoria_3_char;1;644;1410
09BV0ZZ;09B;0;09B;categoria_3_char;3;63;9118
0PSH0ZZ;0PS;0;0PS;categoria_3_char;1;181;9118
0W3P7ZZ;0W3;0;0W3;categoria_3_char;1;60;9118
0Q870ZZ;0Q8;0;0Q8;categoria_3_char;1;50;9118
0QS504Z;0QS;0;0QS;categoria_3_char;2;304;9118
2W6RX0Z;2W6;2;rare_sec_2;seccion_rare;1;4;53
0HB7XZX;0HB;0;0HB;categoria_3_char;2;206;9118
B548ZZA;B54;B;rare_sec_B;seccion_rare;1;2;1410
0BBC8ZX;0BB;0;0BB;categoria_3_char;3;91;9118
0B9M8ZX;0B9;0;0B9;categoria_3_char;5;111;9118
0QPD04Z;0QP;0;0QP;categoria_3_char;1;78;9118
0H99XZZ;0H9;0;0H9;categoria_3_char;5;28;9118
05HG33Z;05H;0;05H;categoria_3_char;3;350;9118
0DBC0ZZ;0DB;0;0DB;categoria_3_char;1;882;9118
B328ZZZ;B32;B;rare_sec_B;seccion_rare;1;5;1410
0Y6P0Z0;0Y6;0;0Y6;categoria_3_char;2;66;9118
0Y6T0Z0;0Y6;0;0Y6;categoria_3_char;2;66;9118
0Y6V0Z0;0Y6;0;0Y6;categoria_3_char;3;66;9118
04QK0ZZ;04Q;0;rare_sec_0;seccion_rare;2;5;9118
0BTF0ZZ;0BT;0;0BT;categoria_3_char;2;20;9118
0SQQ0ZZ;0SQ;0;0SQ;categoria_3_char;2;22;9118
0PSG34Z;0PS;0;0PS;categoria_3_char;1;181;9118
00943ZZ;009;0;009;categoria_3_char;1;99;9118
5A0955Z;5A0;5;5A0;categoria_3_char;3;446;953
0NQT0ZZ;0NQ;0;rare_sec_0;seccion_rare;1;3;9118
0D1A4JA;0D1;0;0D1;categoria_3_char;1;166;9118
0WJP4ZZ;0WJ;0;0WJ;categoria_3_char;4;34;9118
009700Z;009;0;009;categoria_3_char;1;99;9118
0HB4XZZ;0HB;0;0HB;categoria_3_char;3;206;9118
0HX4XZZ;0HX;0;rare_sec_0;seccion_rare;2;11;9118
0UB97ZX;0UB;0;0UB;categoria_3_char;2;58;9118
05HB33Z;05H;0;05H;categoria_3_char;1;350;9118
0B918ZZ;0B9;0;0B9;categoria_3_char;1;111;9118
06L33ZZ;06L;0;rare_sec_0;seccion_rare;1;13;9118
0VBSXZZ;0VB;0;0VB;categoria_3_char;1;93;9118
0UB70ZZ;0UB;0;0UB;categoria_3_char;3;58;9118
0DNB4ZZ;0DN;0;0DN;categoria_3_char;1;28;9118
0D7Q7ZZ;0D7;0;0D7;categoria_3_char;4;20;9118
0TT70ZZ;0TT;0;0TT;categoria_3_char;2;45;9118
02100A8;021;0;021;categoria_3_char;3;120;9118
0WBF0ZZ;0WB;0;rare_sec_0;seccion_rare;5;14;9118
0WPF0JZ;0WP;0;0WP;categoria_3_char;6;22;9118
2W13X6Z;2W1;2;rare_sec_2;seccion_rare;1;8;53
B4161ZZ;B41;B;B41;categoria_3_char;1;39;1410
0BBD8ZX;0BB;0;0BB;categoria_3_char;4;91;9118
0Y6P0Z1;0Y6;0;0Y6;categoria_3_char;1;66;9118
B41FZZZ;B41;B;B41;categoria_3_char;1;39;1410
0Y0007Z;0Y0;0;rare_sec_0;seccion_rare;1;3;9118
0Y0107Z;0Y0;0;rare_sec_0;seccion_rare;1;3;9118
0HBKXZX;0HB;0;0HB;categoria_3_char;2;206;9118
08RK30Z;08R;0;rare_sec_0;seccion_rare;1;4;9118
0JCP0ZZ;0JC;0;rare_sec_0;seccion_rare;3;8;9118
3E033VG;3E0;3;3E0;categoria_3_char;2;1527;2182
07BH0ZZ;07B;0;07B;categoria_3_char;2;172;9118
0HCU0ZZ;0HC;0;rare_sec_0;seccion_rare;1;1;9118
03UH0KZ;03U;0;rare_sec_0;seccion_rare;1;17;9118
0DH673Z;0DH;0;0DH;categoria_3_char;4;271;9118
3E0G77Z;3E0;3;3E0;categoria_3_char;2;1527;2182
0MUP07Z;0MU;0;0MU;categoria_3_char;6;86;9118
09Q90ZZ;09Q;0;09Q;categoria_3_char;1;94;9118
09U507Z;09U;0;rare_sec_0;seccion_rare;1;18;9118
0BTF4ZZ;0BT;0;0BT;categoria_3_char;3;20;9118
0WP830Z;0WP;0;0WP;categoria_3_char;1;22;9118
0GBN0ZZ;0GB;0;0GB;categoria_3_char;2;20;9118
B21F1ZZ;B21;B;B21;categoria_3_char;3;644;1410
B311YZZ;B31;B;B31;categoria_3_char;1;48;1410
0DBF0ZZ;0DB;0;0DB;categoria_3_char;2;882;9118
B21FYZZ;B21;B;B21;categoria_3_char;1;644;1410
047L0DZ;047;0;047;categoria_3_char;1;164;9118
0TB60ZX;0TB;0;0TB;categoria_3_char;1;153;9118
0TB70ZX;0TB;0;0TB;categoria_3_char;1;153;9118
B2261ZZ;B22;B;rare_sec_B;seccion_rare;2;2;1410
04713DZ;047;0;047;categoria_3_char;2;164;9118
047B3DZ;047;0;047;categoria_3_char;1;164;9118
04CC3ZZ;04C;0;04C;categoria_3_char;2;26;9118
0MQ70ZZ;0MQ;0;0MQ;categoria_3_char;1;34;9118
0CB7XZX;0CB;0;0CB;categoria_3_char;2;39;9118
0RSL0ZZ;0RS;0;rare_sec_0;seccion_rare;2;15;9118
0DC48ZZ;0DC;0;0DC;categoria_3_char;1;20;9118
041J0ZH;041;0;041;categoria_3_char;1;123;9118
0B948ZZ;0B9;0;0B9;categoria_3_char;2;111;9118
0B988ZZ;0B9;0;0B9;categoria_3_char;1;111;9118
0H51XZZ;0H5;0;rare_sec_0;seccion_rare;1;1;9118
0UB54ZZ;0UB;0;0UB;categoria_3_char;1;58;9118
10T24ZZ;10T;1;rare_sec_1;seccion_rare;7;7;1060
0Y9F0ZZ;0Y9;0;rare_sec_0;seccion_rare;1;6;9118
0D9F00Z;0D9;0;0D9;categoria_3_char;1;104;9118
0C94X0Z;0C9;0;rare_sec_0;seccion_rare;1;8;9118
06BQ4ZZ;06B;0;06B;categoria_3_char;2;93;9118
0D967ZZ;0D9;0;0D9;categoria_3_char;3;104;9118
04CL0ZZ;04C;0;04C;categoria_3_char;7;26;9118
04UL0KZ;04U;0;rare_sec_0;seccion_rare;2;6;9118
07B80ZX;07B;0;07B;categoria_3_char;3;172;9118
0PS644Z;0PS;0;0PS;categoria_3_char;1;181;9118
0DTB0ZZ;0DT;0;0DT;categoria_3_char;1;221;9118
0DTH0ZZ;0DT;0;0DT;categoria_3_char;2;221;9118
0W9G40Z;0W9;0;0W9;categoria_3_char;4;291;9118
02UG3JZ;02U;0;rare_sec_0;seccion_rare;1;15;9118
5A1213Z;5A1;5;5A1;categoria_3_char;2;441;953
02HN3JZ;02H;0;02H;categoria_3_char;1;237;9118
0RG10K0;0RG;0;0RG;categoria_3_char;1;108;9118
04CP0ZZ;04C;0;04C;categoria_3_char;1;26;9118
0WHJ4YZ;0WH;0;rare_sec_0;seccion_rare;1;5;9118
099B4ZZ;099;0;099;categoria_3_char;2;87;9118
099C4ZZ;099;0;099;categoria_3_char;2;87;9118
099W4ZZ;099;0;099;categoria_3_char;4;87;9118
099X4ZZ;099;0;099;categoria_3_char;4;87;9118
BW1C1ZZ;BW1;B;rare_sec_B;seccion_rare;1;1;1410
0WP2XKZ;0WP;0;0WP;categoria_3_char;1;22;9118
0D9E80Z;0D9;0;0D9;categoria_3_char;1;104;9118
0H9U0ZZ;0H9;0;0H9;categoria_3_char;1;28;9118
0Y9J0ZZ;0Y9;0;rare_sec_0;seccion_rare;1;6;9118
02UJ0JZ;02U;0;rare_sec_0;seccion_rare;1;15;9118
0HBLXZX;0HB;0;0HB;categoria_3_char;3;206;9118
0D9680Z;0D9;0;0D9;categoria_3_char;4;104;9118
0D9E8ZZ;0D9;0;0D9;categoria_3_char;1;104;9118
0DSN8ZZ;0DS;0;rare_sec_0;seccion_rare;1;7;9118
0YBM3ZZ;0YB;0;rare_sec_0;seccion_rare;1;7;9118
0BB78ZZ;0BB;0;0BB;categoria_3_char;2;91;9118
0WH83YZ;0WH;0;rare_sec_0;seccion_rare;1;5;9118
03QF0ZZ;03Q;0;rare_sec_0;seccion_rare;1;4;9118
0S9F3ZX;0S9;0;rare_sec_0;seccion_rare;1;18;9118
0VSC0ZZ;0VS;0;rare_sec_0;seccion_rare;3;7;9118
0D7L8DZ;0D7;0;0D7;categoria_3_char;1;20;9118
0DP64UZ;0DP;0;0DP;categoria_3_char;1;31;9118
0K9P00Z;0K9;0;rare_sec_0;seccion_rare;1;3;9118
0HX1XZZ;0HX;0;rare_sec_0;seccion_rare;3;11;9118
0QSM04Z;0QS;0;0QS;categoria_3_char;1;304;9118
041M0JL;041;0;041;categoria_3_char;1;123;9118
02B70ZK;02B;0;rare_sec_0;seccion_rare;1;4;9118
3E033KZ;3E0;3;3E0;categoria_3_char;2;1527;2182
07TD0ZZ;07T;0;07T;categoria_3_char;9;91;9118
0D1307A;0D1;0;0D1;categoria_3_char;1;166;9118
0DB50ZZ;0DB;0;0DB;categoria_3_char;1;882;9118
0UPH4JZ;0UP;0;rare_sec_0;seccion_rare;1;12;9118
03CG3ZZ;03C;0;03C;categoria_3_char;1;48;9118
0HRMXK3;0HR;0;0HR;categoria_3_char;1;92;9118
B41DZZZ;B41;B;B41;categoria_3_char;1;39;1410
0JXN0ZC;0JX;0;rare_sec_0;seccion_rare;1;9;9118
0SGC04Z;0SG;0;0SG;categoria_3_char;1;99;9118
0SPJ04Z;0SP;0;0SP;categoria_3_char;1;39;9118
0PBF0ZZ;0PB;0;0PB;categoria_3_char;1;23;9118
0PPF04Z;0PP;0;rare_sec_0;seccion_rare;2;18;9118
0PRF07Z;0PR;0;rare_sec_0;seccion_rare;1;7;9118
0PSF04Z;0PS;0;0PS;categoria_3_char;3;181;9118
0SGJ04Z;0SG;0;0SG;categoria_3_char;1;99;9118
0DB40ZZ;0DB;0;0DB;categoria_3_char;1;882;9118
0FB00ZZ;0FB;0;0FB;categoria_3_char;3;89;9118
B31RYZZ;B31;B;B31;categoria_3_char;1;48;1410
B313YZZ;B31;B;B31;categoria_3_char;1;48;1410
B316YZZ;B31;B;B31;categoria_3_char;1;48;1410
B319YZZ;B31;B;B31;categoria_3_char;1;48;1410
0J9L3ZZ;0J9;0;0J9;categoria_3_char;1;38;9118
07B90ZZ;07B;0;07B;categoria_3_char;2;172;9118
0B9P40Z;0B9;0;0B9;categoria_3_char;1;111;9118
0BUR4JZ;0BU;0;rare_sec_0;seccion_rare;1;3;9118
0FB23ZX;0FB;0;0FB;categoria_3_char;2;89;9118
0F903ZX;0F9;0;0F9;categoria_3_char;1;46;9118
0RSLXZZ;0RS;0;rare_sec_0;seccion_rare;3;15;9118
0YB70ZZ;0YB;0;rare_sec_0;seccion_rare;1;7;9118
09BK0ZZ;09B;0;09B;categoria_3_char;1;63;9118
0RQK4ZZ;0RQ;0;rare_sec_0;seccion_rare;1;9;9118
02H733Z;02H;0;02H;categoria_3_char;1;237;9118
0C5S8ZZ;0C5;0;rare_sec_0;seccion_rare;7;10;9118
0NB20ZZ;0NB;0;0NB;categoria_3_char;1;22;9118
06VY3ZZ;06V;0;rare_sec_0;seccion_rare;1;1;9118
0HR4XK4;0HR;0;0HR;categoria_3_char;1;92;9118
0HRBXK4;0HR;0;0HR;categoria_3_char;2;92;9118
0LM24ZZ;0LM;0;rare_sec_0;seccion_rare;5;19;9118
0MB20ZZ;0MB;0;0MB;categoria_3_char;2;33;9118
0RBK0ZZ;0RB;0;0RB;categoria_3_char;1;53;9118
0SRC0L9;0SR;0;0SR;categoria_3_char;3;525;9118
0PSD06Z;0PS;0;0PS;categoria_3_char;1;181;9118
0PPK04Z;0PP;0;rare_sec_0;seccion_rare;2;18;9118
0PUK07Z;0PU;0;rare_sec_0;seccion_rare;1;5;9118
0SGF07Z;0SG;0;0SG;categoria_3_char;1;99;9118
0LUQ4KZ;0LU;0;rare_sec_0;seccion_rare;1;1;9118
09BU0ZZ;09B;0;09B;categoria_3_char;3;63;9118
0YB54ZZ;0YB;0;rare_sec_0;seccion_rare;1;7;9118
0BNL0ZZ;0BN;0;rare_sec_0;seccion_rare;1;3;9118
0BTJ0ZZ;0BT;0;0BT;categoria_3_char;1;20;9118
0W9B40Z;0W9;0;0W9;categoria_3_char;1;291;9118
0WCB4ZZ;0WC;0;rare_sec_0;seccion_rare;1;3;9118
0PSGXZZ;0PS;0;0PS;categoria_3_char;1;181;9118
0S9D3ZZ;0S9;0;rare_sec_0;seccion_rare;2;18;9118
0UB40ZZ;0UB;0;0UB;categoria_3_char;1;58;9118
0US10ZZ;0US;0;rare_sec_0;seccion_rare;1;5;9118
0H9KXZZ;0H9;0;0H9;categoria_3_char;1;28;9118
0K9K3ZZ;0K9;0;rare_sec_0;seccion_rare;1;3;9118
0KCK0ZZ;0KC;0;rare_sec_0;seccion_rare;1;3;9118
0KCL0ZZ;0KC;0;rare_sec_0;seccion_rare;1;3;9118
02713EZ;027;0;027;categoria_3_char;2;299;9118
0W3M3ZZ;0W3;0;0W3;categoria_3_char;1;60;9118
0THC4LZ;0TH;0;rare_sec_0;seccion_rare;1;4;9118
0TPB4DZ;0TP;0;0TP;categoria_3_char;1;57;9118
BT0B1ZZ;BT0;B;rare_sec_B;seccion_rare;1;2;1410
07T70ZZ;07T;0;07T;categoria_3_char;1;91;9118
0DT50ZZ;0DT;0;0DT;categoria_3_char;1;221;9118
0DX60Z5;0DX;0;rare_sec_0;seccion_rare;1;1;9118
0J890ZZ;0J8;0;rare_sec_0;seccion_rare;1;5;9118
0MUP0JZ;0MU;0;0MU;categoria_3_char;1;86;9118
0QHB04Z;0QH;0;rare_sec_0;seccion_rare;1;13;9118
0B968ZZ;0B9;0;0B9;categoria_3_char;2;111;9118
0DBK4ZZ;0DB;0;0DB;categoria_3_char;1;882;9118
0DTC4ZZ;0DT;0;0DT;categoria_3_char;1;221;9118
B236YZZ;B23;B;rare_sec_B;seccion_rare;1;3;1410
0B21XYZ;0B2;0;rare_sec_0;seccion_rare;1;5;9118
0T5B8ZZ;0T5;0;rare_sec_0;seccion_rare;1;2;9118
0THB8LZ;0TH;0;rare_sec_0;seccion_rare;2;4;9118
0TPB7DZ;0TP;0;0TP;categoria_3_char;1;57;9118
0QP834Z;0QP;0;0QP;categoria_3_char;3;78;9118
0QS834Z;0QS;0;0QS;categoria_3_char;2;304;9118
0BBK8ZX;0BB;0;0BB;categoria_3_char;1;91;9118
0BBP3ZX;0BB;0;0BB;categoria_3_char;1;91;9118
0M943ZX;0M9;0;rare_sec_0;seccion_rare;1;2;9118
BU36YZZ;BU3;B;rare_sec_B;seccion_rare;1;2;1410
0D9Q00Z;0D9;0;0D9;categoria_3_char;2;104;9118
0W9J40Z;0W9;0;0W9;categoria_3_char;3;291;9118
0WPJ30Z;0WP;0;0WP;categoria_3_char;1;22;9118
0MM50ZZ;0MM;0;rare_sec_0;seccion_rare;1;3;9118
0MQ50ZZ;0MQ;0;0MQ;categoria_3_char;1;34;9118
0JB83ZZ;0JB;0;0JB;categoria_3_char;1;103;9118
0QUR0KZ;0QU;0;rare_sec_0;seccion_rare;1;7;9118
2W3JX1Z;2W3;2;2W3;categoria_3_char;1;26;53
0SR9049;0SR;0;0SR;categoria_3_char;3;525;9118
09BQ0ZZ;09B;0;09B;categoria_3_char;2;63;9118
0F758ZZ;0F7;0;0F7;categoria_3_char;1;61;9118
0F768DZ;0F7;0;0F7;categoria_3_char;2;61;9118
0UBF8ZZ;0UB;0;0UB;categoria_3_char;1;58;9118
0VB04ZZ;0VB;0;0VB;categoria_3_char;4;93;9118
0BC68ZZ;0BC;0;rare_sec_0;seccion_rare;2;3;9118
0BCB8ZZ;0BC;0;rare_sec_0;seccion_rare;2;3;9118
02RG08Z;02R;0;02R;categoria_3_char;1;75;9118
04700DZ;047;0;047;categoria_3_char;2;164;9118
047D04Z;047;0;047;categoria_3_char;1;164;9118
047J04Z;047;0;047;categoria_3_char;1;164;9118
5A02210;5A0;5;5A0;categoria_3_char;2;446;953
0MM20ZZ;0MM;0;rare_sec_0;seccion_rare;1;3;9118
067D3DZ;067;0;rare_sec_0;seccion_rare;3;4;9118
047H3EZ;047;0;047;categoria_3_char;1;164;9118
0VPS0JZ;0VP;0;rare_sec_0;seccion_rare;2;2;9118
06B00ZX;06B;0;06B;categoria_3_char;1;93;9118
07TF0ZZ;07T;0;07T;categoria_3_char;1;91;9118
0TB64ZZ;0TB;0;0TB;categoria_3_char;1;153;9118
0SR90J9;0SR;0;0SR;categoria_3_char;2;525;9118
0DSB7ZZ;0DS;0;rare_sec_0;seccion_rare;1;7;9118
047F3DZ;047;0;047;categoria_3_char;3;164;9118
0SS9XZZ;0SS;0;rare_sec_0;seccion_rare;3;13;9118
0SWR0JZ;0SW;0;rare_sec_0;seccion_rare;1;9;9118
0DLQ8ZZ;0DL;0;rare_sec_0;seccion_rare;1;8;9118
0DCM8ZZ;0DC;0;0DC;categoria_3_char;1;20;9118
0SW90JZ;0SW;0;rare_sec_0;seccion_rare;1;9;9118
0DNP4ZZ;0DN;0;0DN;categoria_3_char;1;28;9118
0UB94ZZ;0UB;0;0UB;categoria_3_char;2;58;9118
0UN64ZZ;0UN;0;rare_sec_0;seccion_rare;2;4;9118
0UNG4ZZ;0UN;0;rare_sec_0;seccion_rare;1;4;9118
0UQ64ZZ;0UQ;0;rare_sec_0;seccion_rare;1;17;9118
047L3D1;047;0;047;categoria_3_char;3;164;9118
041L0ZH;041;0;041;categoria_3_char;1;123;9118
047E3D6;047;0;047;categoria_3_char;1;164;9118
04VC3EZ;04V;0;04V;categoria_3_char;1;30;9118
04VF3DZ;04V;0;04V;categoria_3_char;2;30;9118
0C9M8ZZ;0C9;0;rare_sec_0;seccion_rare;1;8;9118
0QSP0ZZ;0QS;0;0QS;categoria_3_char;3;304;9118
0QSQ04Z;0QS;0;0QS;categoria_3_char;1;304;9118
0QBF0ZZ;0QB;0;0QB;categoria_3_char;1;187;9118
0SH304Z;0SH;0;rare_sec_0;seccion_rare;1;9;9118
0SP304Z;0SP;0;0SP;categoria_3_char;1;39;9118
0SW30AZ;0SW;0;rare_sec_0;seccion_rare;1;9;9118
0LNR0ZZ;0LN;0;rare_sec_0;seccion_rare;1;5;9118
0LBS4ZZ;0LB;0;0LB;categoria_3_char;1;83;9118
0WCR0ZZ;0WC;0;rare_sec_0;seccion_rare;1;3;9118
0LMS0ZZ;0LM;0;rare_sec_0;seccion_rare;1;19;9118
B236ZZZ;B23;B;rare_sec_B;seccion_rare;2;3;1410
0JX40ZC;0JX;0;rare_sec_0;seccion_rare;1;9;9118
0WCG4ZZ;0WC;0;rare_sec_0;seccion_rare;1;3;9118
0HBBXZZ;0HB;0;0HB;categoria_3_char;3;206;9118
0HRBX73;0HR;0;0HR;categoria_3_char;1;92;9118
0HRBXK3;0HR;0;0HR;categoria_3_char;1;92;9118
0HRDX73;0HR;0;0HR;categoria_3_char;2;92;9118
0HRDXK3;0HR;0;0HR;categoria_3_char;1;92;9118
B420YZZ;B42;B;rare_sec_B;seccion_rare;1;8;1410
BD41ZZZ;BD4;B;rare_sec_B;seccion_rare;3;3;1410
B42HZZZ;B42;B;rare_sec_B;seccion_rare;1;8;1410
0HBX0ZZ;0HB;0;0HB;categoria_3_char;2;206;9118
B41D1ZZ;B41;B;B41;categoria_3_char;3;39;1410
0BNN4ZZ;0BN;0;rare_sec_0;seccion_rare;1;3;9118
0DS64ZZ;0DS;0;rare_sec_0;seccion_rare;1;7;9118
D0Y67ZZ;D0Y;D;rare_sec_D;seccion_rare;1;1;33
0SWL04Z;0SW;0;rare_sec_0;seccion_rare;1;9;9118
0HXBXZZ;0HX;0;rare_sec_0;seccion_rare;1;11;9118
0C9PXZZ;0C9;0;rare_sec_0;seccion_rare;2;8;9118
3E04317;3E0;3;3E0;categoria_3_char;1;1527;2182
027234Z;027;0;027;categoria_3_char;1;299;9118
0F7C4ZZ;0F7;0;0F7;categoria_3_char;1;61;9118
0D1B0JB;0D1;0;0D1;categoria_3_char;1;166;9118
0D1N0ZN;0D1;0;0D1;categoria_3_char;1;166;9118
0D9A80Z;0D9;0;0D9;categoria_3_char;2;104;9118
0DPD7DZ;0DP;0;0DP;categoria_3_char;1;31;9118
B3281ZZ;B32;B;rare_sec_B;seccion_rare;1;5;1410
0LQW0ZZ;0LQ;0;0LQ;categoria_3_char;2;45;9118
0D9W40Z;0D9;0;0D9;categoria_3_char;1;104;9118
0SRS0JA;0SR;0;0SR;categoria_3_char;2;525;9118
0H97X0Z;0H9;0;0H9;categoria_3_char;1;28;9118
0CQ50ZZ;0CQ;0;rare_sec_0;seccion_rare;1;5;9118
0Y6W0Z1;0Y6;0;0Y6;categoria_3_char;1;66;9118
DB21DZZ;DB2;D;rare_sec_D;seccion_rare;1;1;33
3E033FZ;3E0;3;3E0;categoria_3_char;1;1527;2182
0DBE4ZX;0DB;0;0DB;categoria_3_char;1;882;9118
4A00X4Z;4A0;4;4A0;categoria_3_char;1;723;2157
0DSQ0ZZ;0DS;0;rare_sec_0;seccion_rare;1;7;9118
30243Y0;302;3;302;categoria_3_char;2;739;2182
0MU947Z;0MU;0;0MU;categoria_3_char;1;86;9118
0QBG0ZX;0QB;0;0QB;categoria_3_char;1;187;9118
B32T1ZZ;B32;B;rare_sec_B;seccion_rare;1;5;1410
0QSN0ZZ;0QS;0;0QS;categoria_3_char;1;304;9118
0Y6X0Z0;0Y6;0;0Y6;categoria_3_char;3;66;9118
0D9Q7ZZ;0D9;0;0D9;categoria_3_char;1;104;9118
8E09XBZ;8E0;8;8E0;categoria_3_char;1;94;94
05JY3ZZ;05J;0;rare_sec_0;seccion_rare;1;1;9118
0LQR0ZZ;0LQ;0;0LQ;categoria_3_char;1;45;9118
031409K;031;0;031;categoria_3_char;1;21;9118
0DBG8ZZ;0DB;0;0DB;categoria_3_char;1;882;9118
0SSN0ZZ;0SS;0;rare_sec_0;seccion_rare;1;13;9118
03UJ0KZ;03U;0;rare_sec_0;seccion_rare;1;17;9118
02L73DK;02L;0;rare_sec_0;seccion_rare;2;4;9118
04VM3DZ;04V;0;04V;categoria_3_char;1;30;9118
0SRG0JZ;0SR;0;0SR;categoria_3_char;1;525;9118
035R4ZZ;035;0;rare_sec_0;seccion_rare;1;1;9118
047J3EZ;047;0;047;categoria_3_char;1;164;9118
0W3Q8ZZ;0W3;0;0W3;categoria_3_char;1;60;9118
0WPQXYZ;0WP;0;0WP;categoria_3_char;1;22;9118
0KBF0ZZ;0KB;0;rare_sec_0;seccion_rare;1;11;9118
0KXF0ZZ;0KX;0;rare_sec_0;seccion_rare;1;9;9118
0HDFXZZ;0HD;0;rare_sec_0;seccion_rare;1;11;9118
0HDGXZZ;0HD;0;rare_sec_0;seccion_rare;2;11;9118
0902XZZ;090;0;rare_sec_0;seccion_rare;2;2;9118
0CBS0ZZ;0CB;0;0CB;categoria_3_char;2;39;9118
0HRNX73;0HR;0;0HR;categoria_3_char;2;92;9118
0JBQ0ZZ;0JB;0;0JB;categoria_3_char;1;103;9118
0MQM0ZZ;0MQ;0;0MQ;categoria_3_char;1;34;9118
B3201ZZ;B32;B;rare_sec_B;seccion_rare;1;5;1410
0QSR0ZZ;0QS;0;0QS;categoria_3_char;1;304;9118
0LB50ZZ;0LB;0;0LB;categoria_3_char;1;83;9118
0MB50ZZ;0MB;0;0MB;categoria_3_char;1;33;9118
0RJN0ZZ;0RJ;0;rare_sec_0;seccion_rare;1;1;9118
0RPN04Z;0RP;0;rare_sec_0;seccion_rare;1;11;9118
0HQ6XZZ;0HQ;0;0HQ;categoria_3_char;4;102;9118
04QL0ZZ;04Q;0;rare_sec_0;seccion_rare;1;5;9118
0HR6X73;0HR;0;0HR;categoria_3_char;1;92;9118
08R10JZ;08R;0;rare_sec_0;seccion_rare;1;4;9118
045Y0ZZ;045;0;rare_sec_0;seccion_rare;1;1;9118
0DB74ZX;0DB;0;0DB;categoria_3_char;1;882;9118
0WJP8ZZ;0WJ;0;0WJ;categoria_3_char;1;34;9118
0QSH35Z;0QS;0;0QS;categoria_3_char;3;304;9118
0QSJ05Z;0QS;0;0QS;categoria_3_char;2;304;9118
0QSJ06Z;0QS;0;0QS;categoria_3_char;1;304;9118
06Q60ZZ;06Q;0;rare_sec_0;seccion_rare;1;1;9118
0B9K80Z;0B9;0;0B9;categoria_3_char;1;111;9118
0BBC4ZZ;0BB;0;0BB;categoria_3_char;2;91;9118
0BBN4ZZ;0BB;0;0BB;categoria_3_char;1;91;9118
0PSG06Z;0PS;0;0PS;categoria_3_char;1;181;9118
0SW004Z;0SW;0;rare_sec_0;seccion_rare;1;9;9118
0B9140Z;0B9;0;0B9;categoria_3_char;1;111;9118
0DTK0ZZ;0DT;0;0DT;categoria_3_char;1;221;9118
0SR902Z;0SR;0;0SR;categoria_3_char;1;525;9118
0NSR04Z;0NS;0;rare_sec_0;seccion_rare;1;9;9118
0NSS04Z;0NS;0;rare_sec_0;seccion_rare;1;9;9118
0C9P0ZZ;0C9;0;rare_sec_0;seccion_rare;3;8;9118
0T508ZZ;0T5;0;rare_sec_0;seccion_rare;1;2;9118
0R9L3ZZ;0R9;0;rare_sec_0;seccion_rare;1;3;9118
0DBG8ZX;0DB;0;0DB;categoria_3_char;3;882;9118
0RGQ0ZZ;0RG;0;0RG;categoria_3_char;1;108;9118
03CL3Z6;03C;0;03C;categoria_3_char;1;48;9118
0PPG04Z;0PP;0;rare_sec_0;seccion_rare;1;18;9118
0RU30JZ;0RU;0;rare_sec_0;seccion_rare;2;3;9118
0PRJ07Z;0PR;0;rare_sec_0;seccion_rare;1;7;9118
0CB7XZZ;0CB;0;0CB;categoria_3_char;3;39;9118
0CDWXZ0;0CD;0;0CD;categoria_3_char;1;36;9118
0SSB04Z;0SS;0;rare_sec_0;seccion_rare;1;13;9118
00C63ZZ;00C;0;rare_sec_0;seccion_rare;1;5;9118
037G3DZ;037;0;rare_sec_0;seccion_rare;1;9;9118
0LQS0ZZ;0LQ;0;0LQ;categoria_3_char;2;45;9118
2W3BX1Z;2W3;2;2W3;categoria_3_char;2;26;53
03HB03Z;03H;0;03H;categoria_3_char;1;132;9118
3E013VJ;3E0;3;3E0;categoria_3_char;2;1527;2182
0DBP0ZZ;0DB;0;0DB;categoria_3_char;3;882;9118
0PSH06Z;0PS;0;0PS;categoria_3_char;1;181;9118
0QS906Z;0QS;0;0QS;categoria_3_char;1;304;9118
0S9D3ZX;0S9;0;rare_sec_0;seccion_rare;4;18;9118
0W3J0ZZ;0W3;0;0W3;categoria_3_char;1;60;9118
0R9T3ZX;0R9;0;rare_sec_0;seccion_rare;1;3;9118
DW062ZZ;DW0;D;rare_sec_D;seccion_rare;1;6;33
30243S1;302;3;302;categoria_3_char;1;739;2182
0DBN4ZX;0DB;0;0DB;categoria_3_char;1;882;9118
X2RF032;X2R;X;rare_sec_X;seccion_rare;1;1;1
04VE3DZ;04V;0;04V;categoria_3_char;2;30;9118
0GB20ZX;0GB;0;0GB;categoria_3_char;1;20;9118
0LX70ZZ;0LX;0;rare_sec_0;seccion_rare;1;12;9118
0W9H00Z;0W9;0;0W9;categoria_3_char;1;291;9118
0VB50ZX;0VB;0;0VB;categoria_3_char;1;93;9118
0VQ5XZZ;0VQ;0;rare_sec_0;seccion_rare;1;10;9118
00953ZZ;009;0;009;categoria_3_char;1;99;9118
0DB44ZX;0DB;0;0DB;categoria_3_char;1;882;9118
0DBA4ZX;0DB;0;0DB;categoria_3_char;1;882;9118
04LD0ZZ;04L;0;rare_sec_0;seccion_rare;1;3;9118
2W3DX2Z;2W3;2;2W3;categoria_3_char;2;26;53
3E033WK;3E0;3;3E0;categoria_3_char;1;1527;2182
01N10ZZ;01N;0;01N;categoria_3_char;1;89;9118
B3151ZZ;B31;B;B31;categoria_3_char;1;48;1410
B31C1ZZ;B31;B;B31;categoria_3_char;1;48;1410
0SQ00ZZ;0SQ;0;0SQ;categoria_3_char;1;22;9118
0CBM0ZZ;0CB;0;0CB;categoria_3_char;2;39;9118
0KS64ZZ;0KS;0;rare_sec_0;seccion_rare;1;1;9118
0PB64ZZ;0PB;0;0PB;categoria_3_char;3;23;9118
2W0QX5Z;2W0;2;rare_sec_2;seccion_rare;1;4;53
2W0RXYZ;2W0;2;rare_sec_2;seccion_rare;1;4;53
2W1RX6Z;2W1;2;rare_sec_2;seccion_rare;2;8;53
2W5RX6Z;2W5;2;rare_sec_2;seccion_rare;1;2;53
0TP530Z;0TP;0;0TP;categoria_3_char;3;57;9118
BD47ZZZ;BD4;B;rare_sec_B;seccion_rare;1;3;1410
0D9R0ZZ;0D9;0;0D9;categoria_3_char;1;104;9118
02RX08Z;02R;0;02R;categoria_3_char;2;75;9118
2W3QX1Z;2W3;2;2W3;categoria_3_char;1;26;53
2W5LX2Z;2W5;2;rare_sec_2;seccion_rare;1;2;53
0DCP8ZZ;0DC;0;0DC;categoria_3_char;2;20;9118
B438ZZZ;B43;B;rare_sec_B;seccion_rare;1;3;1410
0NST04Z;0NS;0;rare_sec_0;seccion_rare;2;9;9118
0CBM4ZX;0CB;0;0CB;categoria_3_char;1;39;9118
0Y6S0Z1;0Y6;0;0Y6;categoria_3_char;1;66;9118
0HTV0ZZ;0HT;0;0HT;categoria_3_char;2;26;9118
0RNK4ZZ;0RN;0;rare_sec_0;seccion_rare;3;12;9118
BF130ZZ;BF1;B;BF1;categoria_3_char;7;87;1410
0JH806Z;0JH;0;0JH;categoria_3_char;1;219;9118
0PBB0ZZ;0PB;0;0PB;categoria_3_char;2;23;9118
0DBM4ZZ;0DB;0;0DB;categoria_3_char;1;882;9118
0M514ZZ;0M5;0;rare_sec_0;seccion_rare;1;3;9118
0JX00ZB;0JX;0;rare_sec_0;seccion_rare;1;9;9118
0TC08ZZ;0TC;0;0TC;categoria_3_char;4;35;9118
0TF3XZZ;0TF;0;rare_sec_0;seccion_rare;2;19;9118
DW012ZZ;DW0;D;rare_sec_D;seccion_rare;1;6;33
4A033BC;4A0;4;4A0;categoria_3_char;2;723;2157
04LY4CZ;04L;0;rare_sec_0;seccion_rare;1;3;9118
03CL3ZZ;03C;0;03C;categoria_3_char;1;48;9118
0BBM8ZX;0BB;0;0BB;categoria_3_char;2;91;9118
0PRB0KZ;0PR;0;rare_sec_0;seccion_rare;1;7;9118
B3161ZZ;B31;B;B31;categoria_3_char;1;48;1410
0BB38ZZ;0BB;0;0BB;categoria_3_char;2;91;9118
047K0DZ;047;0;047;categoria_3_char;1;164;9118
06LY3ZC;06L;0;rare_sec_0;seccion_rare;2;13;9118
0DBQ8ZZ;0DB;0;0DB;categoria_3_char;1;882;9118
0KXJ0Z2;0KX;0;rare_sec_0;seccion_rare;1;9;9118
04QJ0ZZ;04Q;0;rare_sec_0;seccion_rare;1;5;9118
0W3H0ZZ;0W3;0;0W3;categoria_3_char;1;60;9118
0QB80ZZ;0QB;0;0QB;categoria_3_char;1;187;9118
0PSC34Z;0PS;0;0PS;categoria_3_char;2;181;9118
0WPG4JZ;0WP;0;0WP;categoria_3_char;1;22;9118
0J8F0ZZ;0J8;0;rare_sec_0;seccion_rare;1;5;9118
2W03X4Z;2W0;2;rare_sec_2;seccion_rare;1;4;53
2W04X4Z;2W0;2;rare_sec_2;seccion_rare;1;4;53
2W05X4Z;2W0;2;rare_sec_2;seccion_rare;2;4;53
2W0CX4Z;2W0;2;rare_sec_2;seccion_rare;1;4;53
2W2CX4Z;2W2;2;rare_sec_2;seccion_rare;2;10;53
02JY3ZZ;02J;0;rare_sec_0;seccion_rare;1;1;9118
CP151ZZ;CP1;C;rare_sec_C;seccion_rare;1;15;34
CP1C1ZZ;CP1;C;rare_sec_C;seccion_rare;1;15;34
DP0C2ZZ;DP0;D;rare_sec_D;seccion_rare;1;10;33
0D5W4ZZ;0D5;0;0D5;categoria_3_char;1;36;9118
067G3DZ;067;0;rare_sec_0;seccion_rare;1;4;9118
02HL0KZ;02H;0;02H;categoria_3_char;1;237;9118
GZB4ZZZ;GZB;G;rare_sec_G;seccion_rare;1;1;1
0LQP3ZZ;0LQ;0;0LQ;categoria_3_char;1;45;9118
0DQ98ZZ;0DQ;0;0DQ;categoria_3_char;2;49;9118
CG121ZZ;CG1;C;rare_sec_C;seccion_rare;2;2;34
0DCN8ZZ;0DC;0;0DC;categoria_3_char;1;20;9118
4A0ZXQZ;4A0;4;4A0;categoria_3_char;2;723;2157
09BA0ZZ;09B;0;09B;categoria_3_char;1;63;9118
0DBB8ZZ;0DB;0;0DB;categoria_3_char;1;882;9118
B4171ZZ;B41;B;B41;categoria_3_char;1;39;1410
0LBT0ZZ;0LB;0;0LB;categoria_3_char;1;83;9118
07B74ZZ;07B;0;07B;categoria_3_char;1;172;9118
0BT94ZZ;0BT;0;0BT;categoria_3_char;1;20;9118
0BTB4ZZ;0BT;0;0BT;categoria_3_char;2;20;9118
047M34Z;047;0;047;categoria_3_char;1;164;9118
0RG60K1;0RG;0;0RG;categoria_3_char;1;108;9118
0J9600Z;0J9;0;0J9;categoria_3_char;2;38;9118
B438YZZ;B43;B;rare_sec_B;seccion_rare;1;3;1410
0UH97HZ;0UH;0;rare_sec_0;seccion_rare;1;1;9118
0MUR07Z;0MU;0;0MU;categoria_3_char;1;86;9118
0RNH4ZZ;0RN;0;rare_sec_0;seccion_rare;1;12;9118
0MQT3ZZ;0MQ;0;0MQ;categoria_3_char;1;34;9118
0BBB4ZZ;0BB;0;0BB;categoria_3_char;1;91;9118
06LJ3ZZ;06L;0;rare_sec_0;seccion_rare;1;13;9118
0DN84ZZ;0DN;0;0DN;categoria_3_char;3;28;9118
0FJ44ZZ;0FJ;0;0FJ;categoria_3_char;2;20;9118
0HBJXZX;0HB;0;0HB;categoria_3_char;3;206;9118
0YBN0ZZ;0YB;0;rare_sec_0;seccion_rare;1;7;9118
0JB50ZZ;0JB;0;0JB;categoria_3_char;1;103;9118
065P3ZZ;065;0;rare_sec_0;seccion_rare;2;3;9118
06DY3ZZ;06D;0;rare_sec_0;seccion_rare;1;3;9118
0GBR0ZZ;0GB;0;0GB;categoria_3_char;1;20;9118
0QRL07Z;0QR;0;rare_sec_0;seccion_rare;1;3;9118
06L34ZZ;06L;0;rare_sec_0;seccion_rare;1;13;9118
08BR0ZZ;08B;0;rare_sec_0;seccion_rare;1;2;9118
0F9D8ZZ;0F9;0;0F9;categoria_3_char;1;46;9118
10A07Z6;10A;1;rare_sec_1;seccion_rare;2;4;1060
0B9K8ZZ;0B9;0;0B9;categoria_3_char;1;111;9118
0HQDXZZ;0HQ;0;0HQ;categoria_3_char;2;102;9118
04CJ3ZZ;04C;0;04C;categoria_3_char;2;26;9118
04CL3ZZ;04C;0;04C;categoria_3_char;1;26;9118
04CQ3ZZ;04C;0;04C;categoria_3_char;1;26;9118
04CS3ZZ;04C;0;04C;categoria_3_char;1;26;9118
04CU3ZZ;04C;0;04C;categoria_3_char;1;26;9118
3E05317;3E0;3;3E0;categoria_3_char;2;1527;2182
0SPN04Z;0SP;0;0SP;categoria_3_char;1;39;9118
B30RZZZ;B30;B;rare_sec_B;seccion_rare;1;2;1410
0QBL0ZZ;0QB;0;0QB;categoria_3_char;2;187;9118
0SGF04Z;0SG;0;0SG;categoria_3_char;1;99;9118
057F3DZ;057;0;rare_sec_0;seccion_rare;1;3;9118
0LQN0ZZ;0LQ;0;0LQ;categoria_3_char;6;45;9118
DP083ZZ;DP0;D;rare_sec_D;seccion_rare;1;10;33
0JQR0ZZ;0JQ;0;0JQ;categoria_3_char;1;40;9118
00CC0ZZ;00C;0;rare_sec_0;seccion_rare;1;5;9118
00P600Z;00P;0;rare_sec_0;seccion_rare;1;4;9118
0PS904Z;0PS;0;0PS;categoria_3_char;1;181;9118
0H9BXZZ;0H9;0;0H9;categoria_3_char;1;28;9118
0LJX0ZZ;0LJ;0;rare_sec_0;seccion_rare;2;3;9118
065Q3ZZ;065;0;rare_sec_0;seccion_rare;2;3;9118
0V5SXZZ;0V5;0;rare_sec_0;seccion_rare;1;2;9118
0HR3X73;0HR;0;0HR;categoria_3_char;1;92;9118
097F7ZZ;097;0;rare_sec_0;seccion_rare;1;1;9118
0VBJ0ZZ;0VB;0;0VB;categoria_3_char;1;93;9118
0VBQ0ZZ;0VB;0;0VB;categoria_3_char;1;93;9118
041J0JD;041;0;041;categoria_3_char;1;123;9118
0B9J3ZZ;0B9;0;0B9;categoria_3_char;1;111;9118
0DP68UZ;0DP;0;0DP;categoria_3_char;1;31;9118
3E0D76Z;3E0;3;3E0D76Z;codigo_completo;10;1527;2182
0US04ZZ;0US;0;rare_sec_0;seccion_rare;1;5;9118
0MN1XZZ;0MN;0;rare_sec_0;seccion_rare;1;1;9118
BR33YZZ;BR3;B;rare_sec_B;seccion_rare;1;3;1410
0PSJ34Z;0PS;0;0PS;categoria_3_char;2;181;9118
0LBS0ZZ;0LB;0;0LB;categoria_3_char;1;83;9118
0B9C8ZX;0B9;0;0B9;categoria_3_char;3;111;9118
0BBC3ZX;0BB;0;0BB;categoria_3_char;2;91;9118
0VJD0ZZ;0VJ;0;rare_sec_0;seccion_rare;1;1;9118
0LJY0ZZ;0LJ;0;rare_sec_0;seccion_rare;1;3;9118
02RW0JZ;02R;0;02R;categoria_3_char;1;75;9118
08QSXZZ;08Q;0;rare_sec_0;seccion_rare;1;3;9118
0HRGX74;0HR;0;0HR;categoria_3_char;1;92;9118
0X6P0Z2;0X6;0;rare_sec_0;seccion_rare;1;2;9118
0X6P0Z3;0X6;0;rare_sec_0;seccion_rare;1;2;9118
0X6T0Z2;0X6;0;rare_sec_0;seccion_rare;1;2;9118
0X6T0Z3;0X6;0;rare_sec_0;seccion_rare;1;2;9118
2W21X4Z;2W2;2;rare_sec_2;seccion_rare;2;10;53
2W2FX4Z;2W2;2;rare_sec_2;seccion_rare;1;10;53
0CBS8ZZ;0CB;0;0CB;categoria_3_char;1;39;9118
0UPD7CZ;0UP;0;rare_sec_0;seccion_rare;1;12;9118
30243L1;302;3;302;categoria_3_char;1;739;2182
0JCN0ZZ;0JC;0;rare_sec_0;seccion_rare;1;8;9118
0J9L3ZX;0J9;0;0J9;categoria_3_char;1;38;9118
0PP904Z;0PP;0;rare_sec_0;seccion_rare;1;18;9118
0RGA3A1;0RG;0;0RG;categoria_3_char;1;108;9118
0QN00ZZ;0QN;0;rare_sec_0;seccion_rare;1;1;9118
B41B1ZZ;B41;B;B41;categoria_3_char;1;39;1410
047D3ZZ;047;0;047;categoria_3_char;1;164;9118
0BJL4ZZ;0BJ;0;0BJ;categoria_3_char;1;54;9118
0LQ40ZZ;0LQ;0;0LQ;categoria_3_char;1;45;9118
4A0239Z;4A0;4;4A0;categoria_3_char;1;723;2157
0UB44ZZ;0UB;0;0UB;categoria_3_char;2;58;9118
07B00ZX;07B;0;07B;categoria_3_char;1;172;9118
0DBP4ZX;0DB;0;0DB;categoria_3_char;1;882;9118
04L33DZ;04L;0;rare_sec_0;seccion_rare;1;3;9118
09BR4ZX;09B;0;09B;categoria_3_char;2;63;9118
0W9330Z;0W9;0;0W9;categoria_3_char;1;291;9118
00N00ZZ;00N;0;00N;categoria_3_char;1;89;9118
0FU93JZ;0FU;0;rare_sec_0;seccion_rare;1;1;9118
2W01X4Z;2W0;2;rare_sec_2;seccion_rare;1;4;53
2W0NX4Z;2W0;2;rare_sec_2;seccion_rare;1;4;53
4A0ZX6Z;4A0;4;4A0;categoria_3_char;1;723;2157
0B9N3ZZ;0B9;0;0B9;categoria_3_char;1;111;9118
0QPH35Z;0QP;0;0QP;categoria_3_char;2;78;9118
0VBL0ZZ;0VB;0;0VB;categoria_3_char;1;93;9118
0D20XYZ;0D2;0;rare_sec_0;seccion_rare;1;6;9118
4A0B7GZ;4A0;4;4A0;categoria_3_char;1;723;2157
0QP734Z;0QP;0;0QP;categoria_3_char;1;78;9118
0VQ70ZZ;0VQ;0;rare_sec_0;seccion_rare;1;10;9118
0CTX0Z0;0CT;0;0CT;categoria_3_char;1;44;9118
0HB2XZZ;0HB;0;0HB;categoria_3_char;1;206;9118
0JB73ZZ;0JB;0;0JB;categoria_3_char;1;103;9118
3E0S3NZ;3E0;3;3E0;categoria_3_char;1;1527;2182
0Y6N0ZB;0Y6;0;0Y6;categoria_3_char;2;66;9118
0Y6N0ZC;0Y6;0;0Y6;categoria_3_char;1;66;9118
0Y6N0ZD;0Y6;0;0Y6;categoria_3_char;1;66;9118
0Y6N0ZF;0Y6;0;0Y6;categoria_3_char;1;66;9118
0TFB8ZZ;0TF;0;rare_sec_0;seccion_rare;3;19;9118
3E0S3GC;3E0;3;3E0;categoria_3_char;3;1527;2182
4A120FZ;4A1;4;4A1;categoria_3_char;1;1367;2157
041K09M;041;0;041;categoria_3_char;1;123;9118
0PSF34Z;0PS;0;0PS;categoria_3_char;1;181;9118
0D870ZZ;0D8;0;rare_sec_0;seccion_rare;3;11;9118
3E1H38Z;3E1;3;3E1;categoria_3_char;1;63;2182
BW41ZZZ;BW4;B;rare_sec_B;seccion_rare;1;3;1410
0N9V00Z;0N9;0;rare_sec_0;seccion_rare;1;3;9118
00JU0ZZ;00J;0;rare_sec_0;seccion_rare;1;1;9118
0J970ZZ;0J9;0;0J9;categoria_3_char;4;38;9118
0SG30Z1;0SG;0;0SG;categoria_3_char;2;99;9118
0LSQ0ZZ;0LS;0;rare_sec_0;seccion_rare;1;2;9118
0LM40ZZ;0LM;0;rare_sec_0;seccion_rare;2;19;9118
0B21XFZ;0B2;0;rare_sec_0;seccion_rare;2;5;9118
0HD4XZZ;0HD;0;rare_sec_0;seccion_rare;1;11;9118
09B50ZZ;09B;0;09B;categoria_3_char;2;63;9118
0SG10A1;0SG;0;0SG;categoria_3_char;1;99;9118
079D4ZX;079;0;rare_sec_0;seccion_rare;1;17;9118
0F9G4ZX;0F9;0;0F9;categoria_3_char;1;46;9118
0S9B3ZZ;0S9;0;rare_sec_0;seccion_rare;1;18;9118
0MB33ZX;0MB;0;0MB;categoria_3_char;1;33;9118
0MB43ZX;0MB;0;0MB;categoria_3_char;1;33;9118
0SBD3ZX;0SB;0;0SB;categoria_3_char;1;232;9118
0D9V3ZX;0D9;0;0D9;categoria_3_char;1;104;9118
0SPB04Z;0SP;0;0SP;categoria_3_char;1;39;9118
0DB30ZZ;0DB;0;0DB;categoria_3_char;1;882;9118
0JPT3WZ;0JP;0;0JP;categoria_3_char;2;48;9118
0UT28ZZ;0UT;0;0UT;categoria_3_char;1;195;9118
09JY4ZZ;09J;0;rare_sec_0;seccion_rare;1;2;9118
0CB3XZX;0CB;0;0CB;categoria_3_char;1;39;9118
0CJY8ZZ;0CJ;0;rare_sec_0;seccion_rare;4;8;9118
0C5M8ZZ;0C5;0;rare_sec_0;seccion_rare;1;10;9118
0TF6XZZ;0TF;0;rare_sec_0;seccion_rare;2;19;9118
0DBF8ZZ;0DB;0;0DB;categoria_3_char;1;882;9118
06L34CZ;06L;0;rare_sec_0;seccion_rare;3;13;9118
BF35YZZ;BF3;B;rare_sec_B;seccion_rare;2;2;1410
0QPGX5Z;0QP;0;0QP;categoria_3_char;1;78;9118
0SP904Z;0SP;0;0SP;categoria_3_char;1;39;9118
0H85XZZ;0H8;0;rare_sec_0;seccion_rare;1;2;9118
0H86XZZ;0H8;0;rare_sec_0;seccion_rare;1;2;9118
0H87XZZ;0H8;0;rare_sec_0;seccion_rare;1;2;9118
0H8BXZZ;0H8;0;rare_sec_0;seccion_rare;1;2;9118
0H8CXZZ;0H8;0;rare_sec_0;seccion_rare;1;2;9118
0H8DXZZ;0H8;0;rare_sec_0;seccion_rare;1;2;9118
0H8EXZZ;0H8;0;rare_sec_0;seccion_rare;1;2;9118
0H8HXZZ;0H8;0;rare_sec_0;seccion_rare;1;2;9118
0H8JXZZ;0H8;0;rare_sec_0;seccion_rare;1;2;9118
0H8KXZZ;0H8;0;rare_sec_0;seccion_rare;1;2;9118
0H8LXZZ;0H8;0;rare_sec_0;seccion_rare;1;2;9118
0C5T8ZZ;0C5;0;rare_sec_0;seccion_rare;1;10;9118
0C5V8ZZ;0C5;0;rare_sec_0;seccion_rare;2;10;9118
0CBT8ZX;0CB;0;0CB;categoria_3_char;2;39;9118
0CBV8ZX;0CB;0;0CB;categoria_3_char;1;39;9118
0W9L30Z;0W9;0;0W9;categoria_3_char;1;291;9118
0UBG4ZZ;0UB;0;0UB;categoria_3_char;1;58;9118
039B3ZZ;039;0;039;categoria_3_char;1;173;9118
0JWT0MZ;0JW;0;rare_sec_0;seccion_rare;1;3;9118
089X00Z;089;0;rare_sec_0;seccion_rare;1;5;9118
0N830ZZ;0N8;0;rare_sec_0;seccion_rare;1;4;9118
0N840ZZ;0N8;0;rare_sec_0;seccion_rare;1;4;9118
0VNSXZZ;0VN;0;rare_sec_0;seccion_rare;1;7;9118
09QR0ZZ;09Q;0;09Q;categoria_3_char;1;94;9118
0PBG0ZZ;0PB;0;0PB;categoria_3_char;1;23;9118
0D998ZX;0D9;0;0D9;categoria_3_char;1;104;9118
0PSH36Z;0PS;0;0PS;categoria_3_char;2;181;9118
0PSK36Z;0PS;0;0PS;categoria_3_char;2;181;9118
0L9P0ZZ;0L9;0;rare_sec_0;seccion_rare;1;3;9118
3E0R3GC;3E0;3;3E0;categoria_3_char;2;1527;2182
0L970ZZ;0L9;0;rare_sec_0;seccion_rare;2;3;9118
0PSPXZZ;0PS;0;0PS;categoria_3_char;1;181;9118
06L24CZ;06L;0;rare_sec_0;seccion_rare;1;13;9118
02VX3DZ;02V;0;rare_sec_0;seccion_rare;1;2;9118
04140Z3;041;0;041;categoria_3_char;1;123;9118
041C0Z1;041;0;041;categoria_3_char;1;123;9118
041C0Z2;041;0;041;categoria_3_char;1;123;9118
04WY3DZ;04W;0;rare_sec_0;seccion_rare;1;1;9118
0PHH04Z;0PH;0;rare_sec_0;seccion_rare;1;6;9118
0DQP0ZZ;0DQ;0;0DQ;categoria_3_char;1;49;9118
0TF4XZZ;0TF;0;rare_sec_0;seccion_rare;2;19;9118
0TP580Z;0TP;0;0TP;categoria_3_char;1;57;9118
0TQC8ZZ;0TQ;0;rare_sec_0;seccion_rare;1;11;9118
0J983ZZ;0J9;0;0J9;categoria_3_char;2;38;9118
BH49ZZZ;BH4;B;rare_sec_B;seccion_rare;1;4;1410
0Y6N0Z8;0Y6;0;0Y6;categoria_3_char;1;66;9118
0HUV0JZ;0HU;0;rare_sec_0;seccion_rare;1;3;9118
2W3EX2Z;2W3;2;2W3;categoria_3_char;1;26;53
0NST34Z;0NS;0;rare_sec_0;seccion_rare;1;9;9118
06L23CZ;06L;0;rare_sec_0;seccion_rare;1;13;9118
0WQ20ZZ;0WQ;0;0WQ;categoria_3_char;1;165;9118
0D5N8ZZ;0D5;0;0D5;categoria_3_char;1;36;9118
30233Y0;302;3;302;categoria_3_char;1;739;2182
0PSN04Z;0PS;0;0PS;categoria_3_char;1;181;9118
0CB3XZZ;0CB;0;0CB;categoria_3_char;1;39;9118
0UT08ZZ;0UT;0;0UT;categoria_3_char;1;195;9118
0RPJ0JZ;0RP;0;rare_sec_0;seccion_rare;3;11;9118
0RRJ0J7;0RR;0;0RR;categoria_3_char;1;45;9118
0QSR04Z;0QS;0;0QS;categoria_3_char;1;304;9118
047W3ZZ;047;0;047;categoria_3_char;1;164;9118
07BD0ZX;07B;0;07B;categoria_3_char;1;172;9118
0GB30ZZ;0GB;0;0GB;categoria_3_char;1;20;9118
0CN4XZZ;0CN;0;rare_sec_0;seccion_rare;1;1;9118
025K3ZZ;025;0;025;categoria_3_char;1;83;9118
0JQP0ZZ;0JQ;0;0JQ;categoria_3_char;1;40;9118
DW021ZZ;DW0;D;rare_sec_D;seccion_rare;1;6;33
0H9DXZX;0H9;0;0H9;categoria_3_char;1;28;9118
0H9GXZX;0H9;0;0H9;categoria_3_char;1;28;9118
6A550Z1;6A5;6;rare_sec_6;seccion_rare;1;7;72
0PHG04Z;0PH;0;rare_sec_0;seccion_rare;1;6;9118
0DQ44ZZ;0DQ;0;0DQ;categoria_3_char;1;49;9118
0PP004Z;0PP;0;rare_sec_0;seccion_rare;1;18;9118
0DTB4ZZ;0DT;0;0DT;categoria_3_char;1;221;9118
0DTH4ZZ;0DT;0;0DT;categoria_3_char;1;221;9118
0HRTXKZ;0HR;0;0HR;categoria_3_char;1;92;9118
03H533Z;03H;0;03H;categoria_3_char;1;132;9118
0BBN3ZX;0BB;0;0BB;categoria_3_char;1;91;9118
0F9980Z;0F9;0;0F9;categoria_3_char;2;46;9118
0Q8G4ZZ;0Q8;0;0Q8;categoria_3_char;1;50;9118
0D798ZZ;0D7;0;0D7;categoria_3_char;1;20;9118
0Q8H4ZZ;0Q8;0;0Q8;categoria_3_char;1;50;9118
DP091ZZ;DP0;D;rare_sec_D;seccion_rare;2;10;33
04HY33Z;04H;0;04H;categoria_3_char;2;27;9118
6A651ZZ;6A6;6;6A6;categoria_3_char;1;32;72
0B9130Z;0B9;0;0B9;categoria_3_char;1;111;9118
0BP13FZ;0BP;0;rare_sec_0;seccion_rare;1;8;9118
0D1A4J4;0D1;0;0D1;categoria_3_char;1;166;9118
3E0H36Z;3E0;3;3E0;categoria_3_char;2;1527;2182
0D768ZZ;0D7;0;0D7;categoria_3_char;1;20;9118
0QHG35Z;0QH;0;rare_sec_0;seccion_rare;1;13;9118
30243H1;302;3;302;categoria_3_char;1;739;2182
0QWG04Z;0QW;0;rare_sec_0;seccion_rare;1;2;9118
03Q90ZZ;03Q;0;rare_sec_0;seccion_rare;2;4;9118
0LQ50ZZ;0LQ;0;0LQ;categoria_3_char;1;45;9118
0NSTXZZ;0NS;0;rare_sec_0;seccion_rare;1;9;9118
B543ZZA;B54;B;rare_sec_B;seccion_rare;1;2;1410
0QPM35Z;0QP;0;0QP;categoria_3_char;1;78;9118
0QSM35Z;0QS;0;0QS;categoria_3_char;1;304;9118
0PSH34Z;0PS;0;0PS;categoria_3_char;2;181;9118
0QBK0ZZ;0QB;0;0QB;categoria_3_char;1;187;9118
0QSK05Z;0QS;0;0QS;categoria_3_char;1;304;9118
0D1K0Z4;0D1;0;0D1;categoria_3_char;1;166;9118
0W3K0ZZ;0W3;0;0W3;categoria_3_char;1;60;9118
3E0T3CZ;3E0;3;3E0;categoria_3_char;1;1527;2182
0T908ZZ;0T9;0;0T9;categoria_3_char;1;327;9118
009U30Z;009;0;009;categoria_3_char;1;99;9118
02VW3DZ;02V;0;rare_sec_0;seccion_rare;1;2;9118
04QK3ZZ;04Q;0;rare_sec_0;seccion_rare;1;5;9118
0JH639Z;0JH;0;0JH;categoria_3_char;2;219;9118
099T40Z;099;0;099;categoria_3_char;1;87;9118
0HHV0NZ;0HH;0;rare_sec_0;seccion_rare;1;1;9118
0XHD33Z;0XH;0;rare_sec_0;seccion_rare;1;1;9118
0NR50JZ;0NR;0;rare_sec_0;seccion_rare;1;3;9118
00HU3MZ;00H;0;rare_sec_0;seccion_rare;2;4;9118
00BM0ZZ;00B;0;00B;categoria_3_char;2;30;9118
0SBH4ZZ;0SB;0;0SB;categoria_3_char;1;232;9118
0UBM0ZX;0UB;0;0UB;categoria_3_char;1;58;9118
09Q60ZZ;09Q;0;09Q;categoria_3_char;1;94;9118
0D1A4Z4;0D1;0;0D1;categoria_3_char;1;166;9118
0W9G4ZZ;0W9;0;0W9;categoria_3_char;2;291;9118
0QB70ZX;0QB;0;0QB;categoria_3_char;1;187;9118
0UB64ZZ;0UB;0;0UB;categoria_3_char;1;58;9118
0WBH4ZZ;0WB;0;rare_sec_0;seccion_rare;1;14;9118
B240ZZZ;B24;B;B24;categoria_3_char;1;347;1410
0QSP34Z;0QS;0;0QS;categoria_3_char;1;304;9118
0JQ00ZZ;0JQ;0;0JQ;categoria_3_char;2;40;9118
0TQ40ZZ;0TQ;0;rare_sec_0;seccion_rare;1;11;9118
0B9C3ZX;0B9;0;0B9;categoria_3_char;1;111;9118
037434Z;037;0;rare_sec_0;seccion_rare;1;9;9118
0SPV0JZ;0SP;0;0SP;categoria_3_char;1;39;9118
0SRV0J9;0SR;0;0SR;categoria_3_char;1;525;9118
0RRK0JZ;0RR;0;0RR;categoria_3_char;1;45;9118
0B9M7ZZ;0B9;0;0B9;categoria_3_char;1;111;9118
0HQRXZZ;0HQ;0;0HQ;categoria_3_char;1;102;9118
0Y6M0Z8;0Y6;0;0Y6;categoria_3_char;1;66;9118
0BC58ZZ;0BC;0;rare_sec_0;seccion_rare;1;3;9118
0JQH0ZZ;0JQ;0;0JQ;categoria_3_char;1;40;9118
0PST04Z;0PS;0;0PS;categoria_3_char;1;181;9118
4A1239Z;4A1;4;4A1;categoria_3_char;1;1367;2157
4A133B3;4A1;4;4A1;categoria_3_char;1;1367;2157
0SRR03A;0SR;0;0SR;categoria_3_char;1;525;9118
0H9X3ZZ;0H9;0;0H9;categoria_3_char;1;28;9118
00BX0ZZ;00B;0;00B;categoria_3_char;1;30;9118
DU022ZZ;DU0;D;rare_sec_D;seccion_rare;1;1;33
031B0ZF;031;0;031;categoria_3_char;1;21;9118
027004Z;027;0;027;categoria_3_char;1;299;9118
0FQ20ZZ;0FQ;0;rare_sec_0;seccion_rare;1;1;9118
0W3G0ZZ;0W3;0;0W3;categoria_3_char;1;60;9118
3E0G7HZ;3E0;3;3E0;categoria_3_char;2;1527;2182
01N80ZZ;01N;0;01N;categoria_3_char;1;89;9118
0UT77ZZ;0UT;0;0UT;categoria_3_char;1;195;9118
06BP3ZZ;06B;0;06B;categoria_3_char;1;93;9118
02QJ0ZZ;02Q;0;rare_sec_0;seccion_rare;2;6;9118
0H9V3ZZ;0H9;0;0H9;categoria_3_char;1;28;9118
DP082ZZ;DP0;D;rare_sec_D;seccion_rare;1;10;33
0UN14ZZ;0UN;0;rare_sec_0;seccion_rare;1;4;9118
2W3TX2Z;2W3;2;2W3;categoria_3_char;2;26;53
0JH602Z;0JH;0;0JH;categoria_3_char;1;219;9118
0DT80ZZ;0DT;0;0DT;categoria_3_char;3;221;9118
0F903ZZ;0F9;0;0F9;categoria_3_char;1;46;9118
0S9D0ZZ;0S9;0;rare_sec_0;seccion_rare;1;18;9118
07BD4ZZ;07B;0;07B;categoria_3_char;1;172;9118
0DBR0ZZ;0DB;0;0DB;categoria_3_char;2;882;9118
0CCH0ZZ;0CC;0;rare_sec_0;seccion_rare;1;3;9118
041F0JJ;041;0;041;categoria_3_char;1;123;9118
0RQT0ZZ;0RQ;0;rare_sec_0;seccion_rare;1;9;9118
0QBD4ZZ;0QB;0;0QB;categoria_3_char;1;187;9118
0SQC0ZZ;0SQ;0;0SQ;categoria_3_char;1;22;9118
0SPU0JZ;0SP;0;0SP;categoria_3_char;1;39;9118
0RG10Z1;0RG;0;0RG;categoria_3_char;1;108;9118
0F9680Z;0F9;0;0F9;categoria_3_char;1;46;9118
041C09H;041;0;041;categoria_3_char;1;123;9118
0S9F4ZZ;0S9;0;rare_sec_0;seccion_rare;1;18;9118
0D1M4ZP;0D1;0;0D1;categoria_3_char;1;166;9118
0V9080Z;0V9;0;rare_sec_0;seccion_rare;1;4;9118
047K3EZ;047;0;047;categoria_3_char;1;164;9118
0QH034Z;0QH;0;rare_sec_0;seccion_rare;1;13;9118
0NSQ04Z;0NS;0;rare_sec_0;seccion_rare;1;9;9118
0DHA0DZ;0DH;0;0DH;categoria_3_char;1;271;9118
0QB60ZX;0QB;0;0QB;categoria_3_char;1;187;9118
CP271ZZ;CP2;C;rare_sec_C;seccion_rare;1;2;34
0DH88UZ;0DH;0;0DH;categoria_3_char;1;271;9118
0W9F0ZX;0W9;0;0W9;categoria_3_char;1;291;9118
0W9F30Z;0W9;0;0W9;categoria_3_char;1;291;9118
0VB00ZX;0VB;0;0VB;categoria_3_char;1;93;9118
0Y6V0Z2;0Y6;0;0Y6;categoria_3_char;1;66;9118
0FT20ZZ;0FT;0;0FT;categoria_3_char;1;314;9118
0TTD0ZZ;0TT;0;0TT;categoria_3_char;1;45;9118
0DQM0ZZ;0DQ;0;0DQ;categoria_3_char;1;49;9118
09BW4ZX;09B;0;09B;categoria_3_char;1;63;9118
0QSK35Z;0QS;0;0QS;categoria_3_char;1;304;9118
0HRQXJZ;0HR;0;0HR;categoria_3_char;2;92;9118
0QU60KZ;0QU;0;rare_sec_0;seccion_rare;1;7;9118
0SRR0JA;0SR;0;0SR;categoria_3_char;1;525;9118
099N7ZZ;099;0;099;categoria_3_char;1;87;9118
0W9C4ZX;0W9;0;0W9;categoria_3_char;1;291;9118
0RQU0ZZ;0RQ;0;rare_sec_0;seccion_rare;1;9;9118
0RG70A1;0RG;0;0RG;categoria_3_char;1;108;9118
0BBG3ZX;0BB;0;0BB;categoria_3_char;1;91;9118
0BBB3ZX;0BB;0;0BB;categoria_3_char;1;91;9118
0RG20J0;0RG;0;0RG;categoria_3_char;1;108;9118
0CBS7ZZ;0CB;0;0CB;categoria_3_char;1;39;9118
0CBT7ZZ;0CB;0;0CB;categoria_3_char;2;39;9118
0D5QXZZ;0D5;0;0D5;categoria_3_char;1;36;9118
0U5MXZZ;0U5;0;rare_sec_0;seccion_rare;1;7;9118
3E0K3KZ;3E0;3;3E0;categoria_3_char;1;1527;2182
0JX60ZB;0JX;0;rare_sec_0;seccion_rare;1;9;9118
09Q00ZZ;09Q;0;09Q;categoria_3_char;1;94;9118
0JQH3ZZ;0JQ;0;0JQ;categoria_3_char;1;40;9118
0DP67CZ;0DP;0;0DP;categoria_3_char;1;31;9118
0DW680Z;0DW;0;rare_sec_0;seccion_rare;1;13;9118
0CCM7ZZ;0CC;0;rare_sec_0;seccion_rare;1;3;9118
0SB23ZZ;0SB;0;0SB;categoria_3_char;1;232;9118
0SG03AJ;0SG;0;0SG;categoria_3_char;1;99;9118
0BBG4ZX;0BB;0;0BB;categoria_3_char;1;91;9118
0CCWXZ1;0CC;0;rare_sec_0;seccion_rare;1;3;9118
0CCXXZ1;0CC;0;rare_sec_0;seccion_rare;1;3;9118
041L09M;041;0;041;categoria_3_char;1;123;9118
041K09H;041;0;041;categoria_3_char;2;123;9118
0Y9C3ZZ;0Y9;0;rare_sec_0;seccion_rare;1;6;9118
03CG0Z6;03C;0;03C;categoria_3_char;1;48;9118
0FB58ZX;0FB;0;0FB;categoria_3_char;1;89;9118
0FB68ZX;0FB;0;0FB;categoria_3_char;1;89;9118
0Y0037Z;0Y0;0;rare_sec_0;seccion_rare;1;3;9118
0Y0137Z;0Y0;0;rare_sec_0;seccion_rare;1;3;9118
047J3ZZ;047;0;047;categoria_3_char;1;164;9118
067P3ZZ;067;0;rare_sec_0;seccion_rare;1;4;9118
03160ZF;031;0;031;categoria_3_char;1;21;9118
0Q9J3ZX;0Q9;0;rare_sec_0;seccion_rare;1;1;9118
0QPJ34Z;0QP;0;0QP;categoria_3_char;1;78;9118
3E083GC;3E0;3;3E0;categoria_3_char;1;1527;2182
0D718DZ;0D7;0;0D7;categoria_3_char;2;20;9118
05LF0ZZ;05L;0;rare_sec_0;seccion_rare;1;2;9118
02QG0ZE;02Q;0;rare_sec_0;seccion_rare;1;6;9118
0TF43ZZ;0TF;0;rare_sec_0;seccion_rare;1;19;9118
0D190Z9;0D1;0;0D1;categoria_3_char;1;166;9118
009730Z;009;0;009;categoria_3_char;1;99;9118
03BS0ZX;03B;0;03B;categoria_3_char;1;68;9118
0JQN3ZZ;0JQ;0;0JQ;categoria_3_char;1;40;9118
0NQT3ZZ;0NQ;0;rare_sec_0;seccion_rare;1;3;9118
0T748DZ;0T7;0;0T7;categoria_3_char;2;85;9118
0F7C8ZZ;0F7;0;0F7;categoria_3_char;1;61;9118
0D9W30Z;0D9;0;0D9;categoria_3_char;1;104;9118
0B9P30Z;0B9;0;0B9;categoria_3_char;1;111;9118
0SJD0ZZ;0SJ;0;rare_sec_0;seccion_rare;1;7;9118
0CTR0ZZ;0CT;0;0CT;categoria_3_char;1;44;9118
0Y6N0Z6;0Y6;0;0Y6;categoria_3_char;1;66;9118
0JX10ZB;0JX;0;rare_sec_0;seccion_rare;1;9;9118
041L0JQ;041;0;041;categoria_3_char;2;123;9118
0TN14ZZ;0TN;0;rare_sec_0;seccion_rare;1;3;9118
0HBCXZX;0HB;0;0HB;categoria_3_char;2;206;9118
0RG60Z1;0RG;0;0RG;categoria_3_char;1;108;9118
0RGA0Z1;0RG;0;0RG;categoria_3_char;1;108;9118
0SG03J1;0SG;0;0SG;categoria_3_char;1;99;9118
0U904ZZ;0U9;0;rare_sec_0;seccion_rare;2;12;9118
07BJ3ZX;07B;0;07B;categoria_3_char;2;172;9118
0HRFXK4;0HR;0;0HR;categoria_3_char;1;92;9118
0CT80ZZ;0CT;0;0CT;categoria_3_char;1;44;9118
0RB50ZZ;0RB;0;0RB;categoria_3_char;1;53;9118
0RG40A0;0RG;0;0RG;categoria_3_char;1;108;9118
009Y3ZX;009;0;009;categoria_3_char;1;99;9118
0JQD0ZZ;0JQ;0;0JQ;categoria_3_char;1;40;9118
0HQ4XZZ;0HQ;0;0HQ;categoria_3_char;1;102;9118
0HQBXZZ;0HQ;0;0HQ;categoria_3_char;2;102;9118
0U544ZZ;0U5;0;rare_sec_0;seccion_rare;1;7;9118
0V953ZZ;0V9;0;rare_sec_0;seccion_rare;1;4;9118
0JWT0VZ;0JW;0;rare_sec_0;seccion_rare;1;3;9118
0RRJ0J6;0RR;0;0RR;categoria_3_char;1;45;9118
0LN14ZZ;0LN;0;rare_sec_0;seccion_rare;1;5;9118
089Y3ZZ;089;0;rare_sec_0;seccion_rare;1;5;9118
0DBP0ZX;0DB;0;0DB;categoria_3_char;1;882;9118
4A0HXCZ;4A0;4;4A0;categoria_3_char;1;723;2157
0PS304Z;0PS;0;0PS;categoria_3_char;1;181;9118
0TQD8ZZ;0TQ;0;rare_sec_0;seccion_rare;1;11;9118
03LR3ZZ;03L;0;rare_sec_0;seccion_rare;1;2;9118
0TB38ZX;0TB;0;0TB;categoria_3_char;1;153;9118
0W9F40Z;0W9;0;0W9;categoria_3_char;1;291;9118
0WPF40Z;0WP;0;0WP;categoria_3_char;1;22;9118
037K3DZ;037;0;rare_sec_0;seccion_rare;1;9;9118
03150ZF;031;0;031;categoria_3_char;1;21;9118
0TPB80Z;0TP;0;0TP;categoria_3_char;1;57;9118
30263Y0;302;3;302;categoria_3_char;1;739;2182
DW052ZZ;DW0;D;rare_sec_D;seccion_rare;1;6;33
0SQP0ZZ;0SQ;0;0SQ;categoria_3_char;1;22;9118
0D738DZ;0D7;0;0D7;categoria_3_char;1;20;9118
BD15ZZZ;BD1;B;rare_sec_B;seccion_rare;1;2;1410
0WBF0ZX;0WB;0;rare_sec_0;seccion_rare;1;14;9118
0BH10DZ;0BH;0;0BH;categoria_3_char;1;46;9118
0N9T00Z;0N9;0;rare_sec_0;seccion_rare;1;3;9118
07B23ZX;07B;0;07B;categoria_3_char;1;172;9118
2W36X2Z;2W3;2;2W3;categoria_3_char;1;26;53
2W37X2Z;2W3;2;2W3;categoria_3_char;1;26;53
2W3LX2Z;2W3;2;2W3;categoria_3_char;1;26;53
2W3MX2Z;2W3;2;2W3;categoria_3_char;1;26;53
B3100ZZ;B31;B;B31;categoria_3_char;1;48;1410
02QA0ZZ;02Q;0;rare_sec_0;seccion_rare;1;6;9118
07B53ZX;07B;0;07B;categoria_3_char;1;172;9118
0DB10ZZ;0DB;0;0DB;categoria_3_char;1;882;9118
0KXH0ZZ;0KX;0;rare_sec_0;seccion_rare;1;9;9118
0D7N8DZ;0D7;0;0D7;categoria_3_char;1;20;9118
0FPB80Z;0FP;0;0FP;categoria_3_char;2;23;9118
03HD33Z;03H;0;03H;categoria_3_char;1;132;9118
0BT54ZZ;0BT;0;0BT;categoria_3_char;1;20;9118
0RRT0JZ;0RR;0;0RR;categoria_3_char;1;45;9118
01Q50ZZ;01Q;0;rare_sec_0;seccion_rare;1;2;9118
0UBG7ZZ;0UB;0;0UB;categoria_3_char;1;58;9118
0F904ZZ;0F9;0;0F9;categoria_3_char;1;46;9118
0X6Q0Z1;0X6;0;rare_sec_0;seccion_rare;1;2;9118
0DS68ZZ;0DS;0;rare_sec_0;seccion_rare;1;7;9118
0SBL0ZZ;0SB;0;0SB;categoria_3_char;1;232;9118
0STL0ZZ;0ST;0;rare_sec_0;seccion_rare;1;11;9118
047C346;047;0;047;categoria_3_char;2;164;9118
047D346;047;0;047;categoria_3_char;2;164;9118
4A1004G;4A1;4;4A1;categoria_3_char;1;1367;2157
0YU70JZ;0YU;0;0YU;categoria_3_char;1;129;9118
0PS734Z;0PS;0;0PS;categoria_3_char;1;181;9118
0SUB0JZ;0SU;0;rare_sec_0;seccion_rare;1;1;9118
2W6MX0Z;2W6;2;rare_sec_2;seccion_rare;1;4;53
0QS836Z;0QS;0;0QS;categoria_3_char;1;304;9118
08QD3ZZ;08Q;0;rare_sec_0;seccion_rare;1;3;9118
B218YZZ;B21;B;B21;categoria_3_char;1;644;1410
0D1N4Z4;0D1;0;0D1;categoria_3_char;1;166;9118
01Q40ZZ;01Q;0;rare_sec_0;seccion_rare;1;2;9118
0HQ2XZZ;0HQ;0;0HQ;categoria_3_char;1;102;9118
0JQF0ZZ;0JQ;0;0JQ;categoria_3_char;1;40;9118
0CB40ZZ;0CB;0;0CB;categoria_3_char;1;39;9118
0CX70ZZ;0CX;0;rare_sec_0;seccion_rare;1;1;9118
DP061ZZ;DP0;D;rare_sec_D;seccion_rare;1;10;33
0PSK34Z;0PS;0;0PS;categoria_3_char;1;181;9118
0DQV4ZZ;0DQ;0;0DQ;categoria_3_char;1;49;9118
0DSB4ZZ;0DS;0;rare_sec_0;seccion_rare;1;7;9118
2W3SX2Z;2W3;2;2W3;categoria_3_char;1;26;53
0TWB70Z;0TW;0;rare_sec_0;seccion_rare;1;1;9118
0HR0X73;0HR;0;0HR;categoria_3_char;1;92;9118
047C34Z;047;0;047;categoria_3_char;1;164;9118
0PUD0KZ;0PU;0;rare_sec_0;seccion_rare;1;5;9118
031C0JF;031;0;031;categoria_3_char;1;21;9118
BU3BZZZ;BU3;B;rare_sec_B;seccion_rare;1;2;1410
0U924ZZ;0U9;0;rare_sec_0;seccion_rare;1;12;9118
0U974ZZ;0U9;0;rare_sec_0;seccion_rare;1;12;9118
0B9P3ZX;0B9;0;0B9;categoria_3_char;1;111;9118
0PSK0ZZ;0PS;0;0PS;categoria_3_char;1;181;9118
0RB10ZZ;0RB;0;0RB;categoria_3_char;1;53;9118
06DQ0ZZ;06D;0;rare_sec_0;seccion_rare;1;3;9118
06DY0ZZ;06D;0;rare_sec_0;seccion_rare;1;3;9118
0RG00Z1;0RG;0;0RG;categoria_3_char;1;108;9118
2W60X0Z;2W6;2;rare_sec_2;seccion_rare;1;4;53
0HQ8XZZ;0HQ;0;0HQ;categoria_3_char;1;102;9118
0RSMXZZ;0RS;0;rare_sec_0;seccion_rare;1;15;9118
3E0R3CZ;3E0;3;3E0;categoria_3_char;1;1527;2182
0TQ70ZZ;0TQ;0;rare_sec_0;seccion_rare;1;11;9118
30263L1;302;3;302;categoria_3_char;1;739;2182
0JD60ZZ;0JD;0;rare_sec_0;seccion_rare;1;17;9118
0U504ZZ;0U5;0;rare_sec_0;seccion_rare;1;7;9118
0J9F00Z;0J9;0;0J9;categoria_3_char;1;38;9118
0QS00ZZ;0QS;0;0QS;categoria_3_char;1;304;9118
0RGA07J;0RG;0;0RG;categoria_3_char;1;108;9118
0JCQ0ZZ;0JC;0;rare_sec_0;seccion_rare;1;8;9118
03QB0ZZ;03Q;0;rare_sec_0;seccion_rare;1;4;9118
0J8G0ZZ;0J8;0;rare_sec_0;seccion_rare;1;5;9118
0D190ZA;0D1;0;0D1;categoria_3_char;1;166;9118
0V508ZZ;0V5;0;rare_sec_0;seccion_rare;1;2;9118
0DP68DZ;0DP;0;0DP;categoria_3_char;1;31;9118
BD241ZZ;BD2;B;rare_sec_B;seccion_rare;1;1;1410
0DLE8DZ;0DL;0;rare_sec_0;seccion_rare;1;8;9118
0WBH0ZX;0WB;0;rare_sec_0;seccion_rare;1;14;9118
0HN2XZZ;0HN;0;rare_sec_0;seccion_rare;1;3;9118
0F9840Z;0F9;0;0F9;categoria_3_char;1;46;9118
0D9E7ZZ;0D9;0;0D9;categoria_3_char;1;104;9118
08RJ30Z;08R;0;rare_sec_0;seccion_rare;1;4;9118
0UUG8JZ;0UU;0;rare_sec_0;seccion_rare;1;6;9118
3E0333Z;3E0;3;3E0;categoria_3_char;1;1527;2182
0DQ94ZZ;0DQ;0;0DQ;categoria_3_char;1;49;9118
0B988ZX;0B9;0;0B9;categoria_3_char;1;111;9118
0KQ70ZZ;0KQ;0;0KQ;categoria_3_char;1;50;9118
10D27ZZ;10D;1;10D;categoria_3_char;1;329;1060
0DQQXZZ;0DQ;0;0DQ;categoria_3_char;1;49;9118
06L30ZZ;06L;0;rare_sec_0;seccion_rare;1;13;9118
009Y0ZZ;009;0;009;categoria_3_char;1;99;9118
0SJ20ZZ;0SJ;0;rare_sec_0;seccion_rare;1;7;9118
00QK0ZZ;00Q;0;rare_sec_0;seccion_rare;1;6;9118
00QM0ZZ;00Q;0;rare_sec_0;seccion_rare;1;6;9118
0DLP8DZ;0DL;0;rare_sec_0;seccion_rare;1;8;9118
0QSH36Z;0QS;0;0QS;categoria_3_char;1;304;9118
0DC80ZZ;0DC;0;0DC;categoria_3_char;1;20;9118
D90F1ZZ;D90;D;rare_sec_D;seccion_rare;1;1;33
0QUG0KZ;0QU;0;rare_sec_0;seccion_rare;1;7;9118
BW24YZZ;BW2;B;BW2;categoria_3_char;1;63;1410
0D9Q3ZZ;0D9;0;0D9;categoria_3_char;1;104;9118
05LA0ZZ;05L;0;rare_sec_0;seccion_rare;1;2;9118
0LQ60ZZ;0LQ;0;0LQ;categoria_3_char;1;45;9118
0H9U3ZZ;0H9;0;0H9;categoria_3_char;1;28;9118
10D28ZZ;10D;1;10D;categoria_3_char;1;329;1060
